Timestamp,CPU%,MemUsage,NetIO,BlockIO,PIDs,VirtuaUsers
0,1.02,0.00,11.8GB / 54.3MB,0.00,14,8
0,1.31,0.03,11.8GB / 54.3MB,0.10,16,8
0,1.34,0.04,11.8GB / 54.4MB,0.20,16,8
0,1.13,0.04,11.8GB / 54.4MB,0.30,16,8
0,1.10,0.05,11.8GB / 54.5MB,0.40,16,8
0,1.40,0.05,11.8GB / 54.5MB,0.50,16,8
0,1.03,0.06,11.8GB / 54.6MB,0.60,16,8
0,1.14,0.06,11.8GB / 54.6MB,0.70,16,8
0,0.90,0.06,11.8GB / 54.7MB,0.80,16,8
0,1.14,0.07,11.8GB / 54.8MB,0.90,16,8
0,1.19,0.07,11.8GB / 54.8MB,1.00,16,8
0,1.11,0.07,11.8GB / 54.9MB,1.10,16,8
0,1.01,0.07,11.8GB / 55MB,1.20,16,8
0,0.92,0.07,11.8GB / 55MB,1.20,16,8
0,0.86,0.08,11.8GB / 55.1MB,1.30,16,8
1,0.89,0.08,11.8GB / 55.1MB,1.40,16,8
1,1.19,0.08,11.8GB / 55.2MB,1.40,16,8
1,0.62,0.08,11.8GB / 55.2MB,1.40,16,8
1,0.81,0.09,11.8GB / 55.3MB,1.50,16,8
1,0.83,0.09,11.8GB / 55.3MB,1.50,16,8
1,0.77,0.09,11.8GB / 55.4MB,1.60,16,8
1,0.82,0.09,11.8GB / 55.4MB,1.60,16,8
1,1.02,0.09,11.8GB / 55.5MB,1.70,16,8
1,1.08,0.10,11.8GB / 55.5MB,1.70,16,8
1,0.79,0.10,11.8GB / 55.6MB,1.80,16,8
1,1.28,0.10,11.8GB / 55.6MB,1.80,17,8
1,0.32,0.10,11.8GB / 55.6MB,1.80,16,8
1,0.26,0.10,11.8GB / 55.7MB,1.80,16,8
1,0.50,0.10,11.8GB / 55.7MB,1.90,16,8
1,0.39,0.10,11.8GB / 55.7MB,1.90,16,8
1,0.50,0.10,11.8GB / 55.8MB,1.90,16,8
1,0.29,0.10,11.8GB / 55.8MB,1.90,16,8
1,0.34,0.10,11.8GB / 55.8MB,1.90,16,8
1,0.48,0.10,11.8GB / 55.9MB,1.90,16,8
1,1.00,0.10,11.8GB / 55.9MB,1.90,16,8
1,0.88,0.10,11.8GB / 56MB,2.00,16,8
1,0.71,0.10,11.8GB / 56MB,2.00,16,8
1,0.64,0.10,11.8GB / 56.1MB,2.00,16,8
1,0.76,0.10,11.8GB / 56.1MB,2.00,16,8
1,1.13,0.11,11.8GB / 56.2MB,2.10,16,8
1,1.08,0.11,11.8GB / 56.2MB,2.10,16,8
1,0.73,0.11,11.8GB / 56.3MB,2.10,16,8
1,0.90,0.11,11.8GB / 56.3MB,2.10,16,8
1,0.75,0.11,11.8GB / 56.4MB,2.20,16,8
2,0.66,0.11,11.8GB / 56.4MB,2.20,16,8
2,0.74,0.11,11.8GB / 56.5MB,2.20,16,8
2,0.58,0.11,11.8GB / 56.5MB,2.20,16,8
2,0.67,0.11,11.8GB / 56.6MB,2.30,16,8
2,0.81,0.11,11.8GB / 56.6MB,2.30,16,8
2,0.77,0.11,11.8GB / 56.7MB,2.30,16,8
2,0.76,0.12,11.8GB / 56.7MB,2.30,16,8
2,1.05,0.12,11.8GB / 56.8MB,2.30,16,8
2,0.74,0.12,11.8GB / 56.8MB,2.40,16,8
2,0.67,0.12,11.8GB / 56.9MB,2.40,16,8
2,0.63,0.12,11.8GB / 56.9MB,2.40,16,8
2,0.48,0.12,11.8GB / 57MB,2.40,16,8
2,1.20,0.12,11.8GB / 57MB,2.50,16,8
2,1.28,0.12,11.8GB / 57.1MB,2.50,16,8
2,1.19,0.12,11.8GB / 57.2MB,2.50,16,8
2,1.27,0.12,11.8GB / 57.3MB,2.60,16,8
2,1.18,0.12,11.8GB / 57.4MB,2.60,16,8
2,1.59,0.12,11.8GB / 57.5MB,2.60,16,8
2,1.33,0.13,11.8GB / 57.6MB,2.60,16,8
2,1.46,0.13,11.8GB / 57.7MB,2.70,16,8
2,1.53,0.13,11.8GB / 57.8MB,2.70,16,8
2,1.54,0.13,11.8GB / 57.9MB,2.70,16,8
2,1.08,0.13,11.8GB / 58MB,2.70,16,8
2,2.29,0.13,11.8GB / 58.1MB,2.80,16,8
2,2.26,0.13,11.8GB / 58.2MB,2.80,16,8
2,2.44,0.13,11.8GB / 58.4MB,2.90,16,8
2,2.29,0.14,11.8GB / 58.5MB,2.90,16,8
2,1.05,0.14,11.8GB / 58.6MB,2.90,16,8
2,1.16,0.14,11.8GB / 58.6MB,3.00,16,8
2,0.95,0.14,11.8GB / 58.7MB,3.00,16,8
2,1.42,0.14,11.8GB / 58.8MB,3.00,16,8
3,2.21,0.14,11.8GB / 58.9MB,3.00,16,8
3,0.97,0.14,11.8GB / 59MB,3.10,16,8
3,2.41,0.14,11.8GB / 59.1MB,3.10,16,8
3,2.66,0.14,11.8GB / 59.3MB,3.10,16,8
3,2.70,0.14,11.8GB / 59.5MB,3.10,16,8
3,1.89,0.14,11.8GB / 59.6MB,3.10,16,8
3,0.55,0.14,11.8GB / 59.6MB,3.20,16,8
3,0.75,0.14,11.8GB / 59.7MB,3.20,16,8
3,0.71,0.14,11.8GB / 59.7MB,3.20,16,8
3,0.58,0.14,11.8GB / 59.8MB,3.20,16,8
3,0.65,0.14,11.8GB / 59.8MB,3.30,16,8
3,0.86,0.14,11.8GB / 59.9MB,3.30,16,8
3,1.47,0.14,11.8GB / 60MB,3.30,16,8
3,1.22,0.14,11.8GB / 60MB,3.40,16,8
3,0.65,0.14,11.8GB / 60.1MB,3.40,16,8
3,0.54,0.14,11.8GB / 60.1MB,3.40,16,8
3,0.57,0.14,11.8GB / 60.2MB,3.40,16,8
3,0.93,0.14,11.8GB / 60.3MB,3.50,16,8
3,0.99,0.14,11.8GB / 60.3MB,3.50,16,8
3,0.87,0.14,11.8GB / 60.4MB,3.50,16,8
3,0.67,0.15,11.8GB / 60.5MB,3.50,16,8
3,1.01,0.15,11.8GB / 60.5MB,3.60,16,8
3,1.08,0.15,11.8GB / 60.6MB,3.60,16,8
3,0.99,0.15,11.8GB / 60.7MB,3.60,16,8
3,1.12,0.15,11.8GB / 60.8MB,3.60,16,8
3,1.15,0.15,11.8GB / 60.8MB,3.70,16,8
3,1.46,0.15,11.8GB / 60.9MB,3.70,16,8
3,1.34,0.15,11.8GB / 61MB,3.70,16,8
3,1.10,0.15,11.8GB / 61.1MB,3.70,16,8
4,1.20,0.15,11.8GB / 61.2MB,3.80,16,8
4,1.21,0.15,11.8GB / 61.3MB,3.80,16,8
4,1.21,0.15,11.8GB / 61.4MB,3.80,16,8
4,1.08,0.15,11.8GB / 61.4MB,3.80,16,8
4,1.25,0.15,11.8GB / 61.5MB,3.80,16,8
4,2.14,0.15,11.8GB / 61.7MB,3.90,16,8
4,1.30,0.15,11.8GB / 61.8MB,3.90,16,8
4,1.34,0.15,11.8GB / 61.9MB,3.90,16,8
4,1.48,0.15,11.8GB / 62MB,3.90,16,8
4,1.48,0.15,11.8GB / 62.1MB,4.00,16,8
4,1.47,0.15,11.8GB / 62.2MB,4.00,16,8
4,1.53,0.15,11.8GB / 62.3MB,4.00,16,8
4,1.35,0.15,11.8GB / 62.4MB,4.00,16,8
4,1.61,0.15,11.8GB / 62.5MB,4.00,16,8
4,1.54,0.15,11.8GB / 62.6MB,4.10,16,8
4,1.59,0.15,11.8GB / 62.7MB,4.10,16,8
4,1.41,0.15,11.8GB / 62.8MB,4.10,16,8
4,1.21,0.15,11.8GB / 62.9MB,4.10,16,8
4,2.03,0.15,11.8GB / 63MB,4.10,16,8
4,1.09,0.15,11.8GB / 63.1MB,4.10,16,8
4,1.34,0.15,11.8GB / 63.2MB,4.20,17,8
4,1.59,0.15,11.8GB / 63.3MB,4.20,16,8
4,1.45,0.15,11.8GB / 63.4MB,4.20,16,8
4,1.53,0.15,11.8GB / 63.5MB,4.20,16,8
4,2.21,0.15,11.8GB / 63.7MB,4.20,16,8
4,2.46,0.15,11.8GB / 63.8MB,4.20,16,8
4,2.53,0.15,11.8GB / 64MB,4.20,16,8
4,2.51,0.15,11.8GB / 64.2MB,4.20,16,8
4,2.49,0.15,11.8GB / 64.3MB,4.30,16,8
4,1.19,0.16,11.8GB / 64.4MB,4.30,16,8
4,0.86,0.15,11.8GB / 64.5MB,4.30,16,8
5,0.63,0.16,11.8GB / 64.6MB,4.30,16,8
5,0.75,0.16,11.8GB / 64.6MB,4.40,16,8
5,0.68,0.16,11.8GB / 64.7MB,4.40,16,8
5,1.05,0.16,11.8GB / 64.7MB,4.40,16,8
5,0.61,0.16,11.8GB / 64.8MB,4.40,16,8
5,0.83,0.16,11.8GB / 64.9MB,4.50,16,8
5,1.08,0.16,11.8GB / 64.9MB,4.50,16,8
5,1.29,0.16,11.8GB / 65MB,4.50,16,8
5,0.65,0.16,11.8GB / 65.1MB,4.60,16,8
5,0.73,0.16,11.8GB / 65.1MB,4.60,17,8
5,1.04,0.16,11.8GB / 65.2MB,4.60,16,8
5,0.95,0.16,11.8GB / 65.3MB,4.60,16,8
5,1.04,0.16,11.8GB / 65.3MB,4.70,16,8
5,0.88,0.16,11.8GB / 65.4MB,4.70,16,8
5,1.01,0.16,11.8GB / 65.5MB,4.70,16,8
5,1.07,0.16,11.8GB / 65.6MB,4.70,16,8
5,0.84,0.16,11.8GB / 65.6MB,4.80,16,8
5,0.91,0.16,11.8GB / 65.7MB,4.80,16,8
5,0.95,0.16,11.8GB / 65.8MB,4.80,16,8
5,1.00,0.16,11.8GB / 65.8MB,4.80,16,8
5,1.17,0.16,11.8GB / 65.9MB,4.90,16,8
5,1.44,0.16,11.8GB / 66MB,4.90,16,8
5,1.14,0.16,11.8GB / 66.1MB,4.90,16,8
5,1.33,0.16,11.8GB / 66.2MB,4.90,16,8
5,1.34,0.16,11.8GB / 66.3MB,5.00,16,8
5,1.27,0.16,11.8GB / 66.4MB,5.00,16,8
5,1.09,0.16,11.8GB / 66.5MB,5.00,16,8
5,1.23,0.16,11.8GB / 66.6MB,5.00,16,8
5,1.06,0.16,11.8GB / 66.6MB,5.00,16,8
6,1.46,0.16,11.8GB / 66.7MB,5.10,16,8
6,1.98,0.16,11.8GB / 66.9MB,5.10,16,8
6,1.24,0.16,11.8GB / 67MB,5.10,16,8
6,1.32,0.16,11.8GB / 67.1MB,5.10,16,8
6,1.16,0.16,11.8GB / 67.2MB,5.10,16,8
6,1.36,0.16,11.8GB / 67.3MB,5.20,16,8
6,1.29,0.16,11.8GB / 67.4MB,5.20,16,8
6,1.39,0.16,11.8GB / 67.5MB,5.20,16,8
6,1.32,0.16,11.8GB / 67.6MB,5.20,16,8
6,1.04,0.16,11.8GB / 67.7MB,5.20,16,8
6,1.89,0.16,11.8GB / 67.7MB,5.20,16,8
6,1.90,0.16,11.8GB / 67.9MB,5.30,16,8
6,1.43,0.16,11.8GB / 68MB,5.30,16,8
6,1.98,0.16,11.8GB / 68.1MB,5.30,16,8
6,1.41,0.16,11.8GB / 68.2MB,5.30,16,8
6,1.47,0.16,11.8GB / 68.3MB,5.30,16,8
6,2.09,0.16,11.8GB / 68.4MB,5.30,16,8
6,0.85,0.16,11.8GB / 68.5MB,5.40,16,8
6,2.55,0.16,11.8GB / 68.7MB,5.40,16,8
6,2.58,0.16,11.8GB / 68.8MB,5.40,16,8
6,2.51,0.16,11.8GB / 69MB,5.40,16,8
6,2.54,0.16,11.8GB / 69.2MB,5.40,16,8
6,2.57,0.16,11.8GB / 69.3MB,5.40,16,8
6,0.76,0.16,11.8GB / 69.4MB,5.40,16,8
6,0.74,0.16,11.8GB / 69.5MB,5.50,16,8
6,0.69,0.16,11.8GB / 69.5MB,5.50,16,8
6,0.66,0.16,11.8GB / 69.6MB,5.50,16,8
6,0.93,0.16,11.8GB / 69.6MB,5.60,16,8
6,0.83,0.16,11.8GB / 69.7MB,5.60,16,8
6,0.70,0.16,11.8GB / 69.7MB,5.60,16,8
7,1.38,0.17,11.8GB / 69.8MB,5.60,16,8
7,1.19,0.16,11.8GB / 69.9MB,5.70,16,8
7,0.91,0.17,11.8GB / 70MB,5.70,16,8
7,0.57,0.16,11.8GB / 70MB,5.70,16,8
7,0.82,0.17,11.8GB / 70.1MB,5.70,16,8
7,0.99,0.17,11.8GB / 70.2MB,5.80,16,8
7,1.01,0.17,11.8GB / 70.2MB,5.80,16,8
7,1.01,0.17,11.8GB / 70.3MB,5.80,16,8
7,0.89,0.17,11.8GB / 70.4MB,5.80,16,8
7,0.92,0.17,11.8GB / 70.5MB,5.90,16,8
7,1.55,0.17,11.8GB / 70.6MB,5.90,16,8
7,0.94,0.17,11.8GB / 70.6MB,5.90,16,8
7,1.08,0.17,11.8GB / 70.7MB,5.90,16,8
7,1.02,0.17,11.8GB / 70.8MB,6.00,16,8
7,1.20,0.17,11.8GB / 70.9MB,6.00,16,8
7,1.25,0.17,11.8GB / 71MB,6.00,16,8
7,1.39,0.17,11.8GB / 71.1MB,6.00,16,8
7,1.25,0.17,11.8GB / 71.2MB,6.10,16,8
7,1.07,0.17,11.8GB / 71.2MB,6.10,16,8
7,1.14,0.17,11.8GB / 71.3MB,6.10,16,8
7,1.30,0.17,11.8GB / 71.4MB,6.10,16,8
7,1.16,0.17,11.8GB / 71.5MB,6.10,16,8
7,1.14,0.17,11.8GB / 71.6MB,6.20,16,8
7,1.21,0.17,11.8GB / 71.7MB,6.20,16,8
7,1.65,0.17,11.8GB / 71.8MB,6.20,16,8
7,1.96,0.17,11.8GB / 71.9MB,6.20,16,8
7,1.31,0.17,11.8GB / 72MB,6.30,16,8
7,1.38,0.17,11.8GB / 72.1MB,6.30,16,8
7,1.38,0.17,11.8GB / 72.2MB,6.30,16,8
7,1.16,0.17,11.8GB / 72.3MB,6.30,16,8
8,1.45,0.17,11.8GB / 72.4MB,6.30,16,8
8,1.54,0.17,11.8GB / 72.5MB,6.30,16,8
8,1.43,0.17,11.8GB / 72.6MB,6.40,16,8
8,1.16,0.17,11.8GB / 72.7MB,6.40,16,8
8,1.57,0.17,11.8GB / 72.8MB,6.40,16,8
8,1.84,0.17,11.8GB / 72.9MB,6.40,16,8
8,1.67,0.17,11.8GB / 73.1MB,6.40,16,8
8,1.95,0.17,11.8GB / 73.2MB,6.40,16,8
8,1.41,0.17,11.8GB / 73.3MB,6.50,16,8
8,1.05,0.17,11.8GB / 73.3MB,6.50,16,8
8,1.80,0.17,11.8GB / 73.5MB,6.50,16,8
8,1.91,0.17,11.8GB / 73.6MB,6.50,16,8
8,1.32,0.17,11.8GB / 73.7MB,6.50,16,8
8,2.51,0.17,11.8GB / 73.8MB,6.50,16,8
8,2.11,0.17,11.8GB / 74MB,6.50,16,8
8,2.32,0.17,11.8GB / 74.2MB,6.50,16,8
8,2.44,0.17,11.8GB / 74.3MB,6.60,16,8
8,2.50,0.17,11.8GB / 74.5MB,6.60,16,8
8,0.56,0.17,11.8GB / 74.6MB,6.60,16,8
8,0.60,0.17,11.8GB / 74.6MB,6.60,16,8
8,0.60,0.17,11.8GB / 74.7MB,6.60,16,8
8,0.46,0.17,11.8GB / 74.7MB,6.70,16,8
8,0.86,0.17,11.8GB / 74.8MB,6.70,16,8
8,0.88,0.17,11.8GB / 74.8MB,6.70,16,8
8,0.80,0.17,11.8GB / 74.9MB,6.80,16,8
8,0.64,0.17,11.8GB / 75MB,6.80,16,8
8,0.99,0.17,11.8GB / 75.1MB,6.80,16,8
8,1.18,0.17,11.8GB / 75.1MB,6.80,16,8
8,0.74,0.17,11.8GB / 75.2MB,6.90,16,8
8,0.77,0.17,11.8GB / 75.2MB,6.90,16,8
9,0.96,0.17,11.8GB / 75.3MB,6.90,16,8
9,1.05,0.17,11.8GB / 75.4MB,6.90,16,8
9,0.92,0.17,11.8GB / 75.5MB,7.00,16,8
9,0.99,0.17,11.8GB / 75.5MB,7.00,16,8
9,1.05,0.17,11.8GB / 75.6MB,7.00,16,8
9,0.94,0.17,11.8GB / 75.7MB,7.00,16,8
9,1.08,0.17,11.8GB / 75.7MB,7.10,16,8
9,0.91,0.17,11.8GB / 75.8MB,7.10,16,8
9,0.98,0.17,11.8GB / 75.9MB,7.10,16,8
9,0.92,0.17,11.8GB / 76MB,7.10,16,8
9,1.13,0.17,11.8GB / 76MB,7.10,16,8
9,1.20,0.17,11.8GB / 76.1MB,7.20,16,8
9,1.17,0.17,11.8GB / 76.2MB,7.20,16,8
9,1.48,0.17,11.8GB / 76.3MB,7.20,16,8
9,1.11,0.18,11.8GB / 76.4MB,7.20,16,8
9,1.42,0.17,11.8GB / 76.5MB,7.30,16,8
9,1.32,0.18,11.8GB / 76.6MB,7.30,16,8
9,1.18,0.18,11.8GB / 76.7MB,7.30,16,8
9,1.25,0.17,11.8GB / 76.8MB,7.30,16,8
9,1.39,0.18,11.8GB / 76.9MB,7.30,16,8
9,1.58,0.18,11.8GB / 77MB,7.40,16,8
9,2.15,0.18,11.8GB / 77.1MB,7.40,16,8
9,1.28,0.18,11.8GB / 77.2MB,7.40,16,8
9,1.32,0.18,11.8GB / 77.3MB,7.40,16,8
9,1.16,0.18,11.8GB / 77.4MB,7.40,16,8
9,1.44,0.18,11.8GB / 77.5MB,7.50,16,8
9,1.46,0.18,11.8GB / 77.6MB,7.50,16,8
9,1.54,0.18,11.8GB / 77.7MB,7.50,16,8
9,1.40,0.18,11.8GB / 77.8MB,7.50,16,8
10,0.93,0.18,11.8GB / 77.9MB,7.50,16,8
10,1.65,0.18,11.8GB / 78MB,7.50,16,8
10,1.76,0.18,11.8GB / 78.1MB,7.60,16,8
10,1.97,0.18,11.8GB / 78.3MB,7.60,16,8
10,2.02,0.18,11.8GB / 78.4MB,7.60,16,8
10,1.41,0.18,11.8GB / 78.5MB,7.60,16,8
10,1.48,0.18,11.8GB / 78.6MB,7.60,16,8
10,1.97,0.18,11.8GB / 78.7MB,7.60,16,8
10,1.43,0.18,11.8GB / 78.8MB,7.70,16,8
10,2.02,0.18,11.8GB / 78.9MB,7.70,16,8
10,2.32,0.18,11.8GB / 79.1MB,7.70,16,8
10,2.55,0.18,11.8GB / 79.2MB,7.70,16,8
10,2.42,0.18,11.8GB / 79.4MB,7.70,16,8
10,2.56,0.18,11.8GB / 79.6MB,7.70,16,8
10,2.33,0.18,11.8GB / 79.8MB,7.70,16,8
10,1.03,0.16,11.8GB / 79.8MB,7.80,15,8
10,0.64,0.16,11.8GB / 79.9MB,7.80,15,8
10,0.75,0.13,11.8GB / 79.9MB,7.80,13,8
10,0.85,0.11,11.8GB / 79.9MB,7.80,12,8
10,0.59,0.11,11.8GB / 80MB,7.80,12,8
10,0.66,0.11,11.8GB / 80MB,7.90,12,8
10,0.62,0.11,11.8GB / 80.1MB,7.90,12,8
10,0.63,0.11,11.8GB / 80.1MB,7.90,12,8
10,0.59,0.11,11.8GB / 80.1MB,7.90,12,8
10,0.91,0.11,11.8GB / 80.2MB,7.90,12,8
10,1.33,0.06,11.8GB / 80.2MB,8.00,9,8
10,0.42,0.06,11.8GB / 80.3MB,8.00,9,8
10,0.40,0.06,11.8GB / 80.3MB,8.00,9,8
10,0.00,0.04,11.8GB / 80.3MB,8.00,8,8
10,0.02,0.04,11.8GB / 80.3MB,8.00,7,8
10,0.01,0.04,11.8GB / 80.3MB,8.00,7,8
11,0.00,0.04,11.8GB / 80.3MB,8.00,7,8
11,0.00,0.04,11.8GB / 80.3MB,8.00,7,8
11,0.00,0.04,11.8GB / 80.3MB,8.00,7,8
11,0.00,0.04,11.8GB / 80.3MB,8.00,7,8
11,0.00,0.04,11.8GB / 80.3MB,8.00,7,8
11,0.00,0.04,11.8GB / 80.3MB,8.00,7,8
11,0.00,0.04,11.8GB / 80.3MB,8.00,7,8
11,0.00,0.04,11.8GB / 80.3MB,8.00,7,8
11,0.00,0.04,11.8GB / 80.3MB,8.00,7,8
11,0.00,0.04,11.8GB / 80.3MB,8.00,7,8
11,0.00,0.04,11.8GB / 80.3MB,8.00,7,8
11,0.00,0.04,11.8GB / 80.3MB,8.00,7,8
11,0.00,0.04,11.8GB / 80.3MB,8.00,7,8
11,0.00,0.04,11.8GB / 80.3MB,8.00,7,8
11,0.00,0.04,11.8GB / 80.3MB,8.00,7,8
11,0.00,0.04,11.8GB / 80.3MB,8.00,7,8
11,0.02,0.04,11.8GB / 80.3MB,8.00,7,8
11,0.02,0.04,11.8GB / 80.3MB,8.00,7,8
11,0.02,0.04,11.8GB / 80.3MB,8.00,7,8
11,0.02,0.04,11.8GB / 80.3MB,8.00,7,8
11,0.02,0.04,11.8GB / 80.3MB,8.00,7,8
11,0.02,0.04,11.8GB / 80.3MB,8.00,7,8
11,0.02,0.04,11.8GB / 80.3MB,8.00,7,8
11,0.02,0.04,11.8GB / 80.3MB,8.00,7,8
11,0.01,0.04,11.8GB / 80.3MB,8.00,7,8
11,0.02,0.04,11.8GB / 80.3MB,8.00,7,8
11,0.01,0.04,11.8GB / 80.3MB,8.00,7,8
11,0.01,0.04,11.8GB / 80.3MB,8.00,7,8
11,0.02,0.04,11.8GB / 80.3MB,8.00,7,8
12,0.02,0.04,11.8GB / 80.3MB,8.00,7,8
12,0.02,0.04,11.8GB / 80.3MB,8.10,7,8
12,0.02,0.04,11.8GB / 80.3MB,8.10,7,8
12,0.02,0.04,11.8GB / 80.3MB,8.10,7,8
12,0.02,0.04,11.8GB / 80.3MB,8.10,7,8
12,0.01,0.04,11.8GB / 80.3MB,8.10,7,8
12,0.01,0.04,11.8GB / 80.3MB,8.10,7,8
12,0.01,0.04,11.8GB / 80.3MB,8.10,7,8
12,0.02,0.04,11.8GB / 80.3MB,8.10,7,8
12,0.01,0.04,11.8GB / 80.3MB,8.10,7,8
12,0.02,0.04,11.8GB / 80.3MB,8.10,7,8
12,0.02,0.04,11.8GB / 80.3MB,8.10,7,8
12,0.02,0.04,11.8GB / 80.3MB,8.10,7,8
12,0.02,0.04,11.8GB / 80.3MB,8.10,7,8
12,0.02,0.04,11.8GB / 80.3MB,8.10,7,8
12,0.01,0.04,11.8GB / 80.3MB,8.10,7,8
12,0.01,0.04,11.8GB / 80.3MB,8.10,7,8
12,0.02,0.04,11.8GB / 80.3MB,8.10,7,8
12,0.01,0.04,11.8GB / 80.3MB,8.10,7,8
12,0.01,0.04,11.8GB / 80.3MB,8.10,7,8
12,0.02,0.04,11.8GB / 80.3MB,8.10,7,8
12,0.01,0.04,11.8GB / 80.3MB,8.10,7,8
12,0.02,0.04,11.8GB / 80.3MB,8.10,7,8
12,0.02,0.04,11.8GB / 80.3MB,8.10,7,8
12,0.02,0.04,11.8GB / 80.3MB,8.10,7,8
12,0.02,0.04,11.8GB / 80.3MB,8.10,7,8
12,0.02,0.04,11.8GB / 80.3MB,8.20,7,8
12,0.02,0.04,11.8GB / 80.3MB,8.20,7,8
12,0.01,0.04,11.8GB / 80.3MB,8.20,7,8
12,0.02,0.04,11.8GB / 80.3MB,8.20,7,8
12,0.04,0.04,11.8GB / 80.3MB,8.20,8,8
0,1.60,0.00,11.8GB / 81MB,0.00,24,16
0,1.24,0.00,11.8GB / 81MB,0.00,24,16
0,0.76,0.01,11.8GB / 81.1MB,0.00,24,16
0,2.73,0.02,11.8GB / 81.2MB,0.10,24,16
0,1.97,0.02,11.8GB / 81.3MB,0.10,24,16
0,2.30,0.03,11.8GB / 81.5MB,0.20,24,16
0,2.19,0.04,11.8GB / 81.6MB,0.20,24,16
0,2.20,0.04,11.8GB / 81.8MB,0.30,24,16
0,1.86,0.05,11.8GB / 81.9MB,0.30,24,16
0,1.99,0.05,11.8GB / 82MB,0.40,24,16
0,0.65,0.06,11.8GB / 82MB,0.40,24,16
0,1.53,0.06,11.8GB / 82.1MB,0.50,24,16
0,2.21,0.06,11.8GB / 82.2MB,0.50,24,16
0,1.54,0.07,11.8GB / 82.3MB,0.60,24,16
0,2.08,0.07,11.8GB / 82.5MB,0.60,24,16
1,2.44,0.07,11.8GB / 82.6MB,0.70,24,16
1,1.17,0.08,11.8GB / 82.7MB,0.70,24,16
1,1.18,0.08,11.8GB / 82.8MB,0.70,24,16
1,1.33,0.08,11.8GB / 82.9MB,0.80,24,16
1,1.58,0.08,11.8GB / 83MB,0.80,24,16
1,0.98,0.08,11.8GB / 83.1MB,0.80,24,16
1,0.80,0.09,11.8GB / 83.1MB,0.90,24,16
1,1.06,0.09,11.8GB / 83.2MB,0.90,24,16
1,1.12,0.09,11.8GB / 83.3MB,0.90,24,16
1,2.52,0.09,11.8GB / 83.5MB,1.00,24,16
1,2.36,0.10,11.8GB / 83.6MB,1.00,24,16
1,0.71,0.10,11.8GB / 83.7MB,1.00,24,16
1,0.82,0.10,11.8GB / 83.7MB,1.10,24,16
1,0.98,0.10,11.8GB / 83.8MB,1.10,24,16
1,0.79,0.10,11.8GB / 83.8MB,1.10,24,16
1,1.20,0.10,11.8GB / 83.9MB,1.10,24,16
1,1.68,0.11,11.8GB / 84.1MB,1.20,24,16
1,1.64,0.11,11.8GB / 84.2MB,1.20,24,16
1,1.20,0.11,11.8GB / 84.3MB,1.20,24,16
1,1.45,0.11,11.8GB / 84.4MB,1.30,25,16
1,1.23,0.11,11.8GB / 84.4MB,1.30,24,16
1,1.53,0.12,11.8GB / 84.6MB,1.40,24,16
1,0.87,0.12,11.8GB / 84.6MB,1.40,24,16
1,1.10,0.12,11.8GB / 84.7MB,1.50,24,16
1,1.14,0.12,11.8GB / 84.8MB,1.50,24,16
1,0.74,0.12,11.8GB / 84.8MB,1.50,24,16
1,0.76,0.12,11.8GB / 84.9MB,1.60,24,16
1,0.89,0.13,11.8GB / 85MB,1.60,24,16
1,1.05,0.13,11.8GB / 85.1MB,1.60,24,16
2,1.30,0.13,11.8GB / 85.2MB,1.70,24,16
2,1.41,0.13,11.8GB / 85.3MB,1.70,24,16
2,1.29,0.13,11.8GB / 85.3MB,1.80,24,16
2,0.95,0.13,11.8GB / 85.4MB,1.80,24,16
2,0.95,0.14,11.8GB / 85.5MB,1.80,24,16
2,1.74,0.14,11.8GB / 85.6MB,1.90,24,16
2,2.01,0.14,11.8GB / 85.7MB,1.90,24,16
2,2.69,0.14,11.8GB / 85.9MB,2.00,24,16
2,2.53,0.14,11.8GB / 86MB,2.00,24,16
2,2.33,0.15,11.8GB / 86.2MB,2.10,24,16
2,2.45,0.15,11.8GB / 86.3MB,2.10,24,16
2,2.51,0.15,11.8GB / 86.5MB,2.20,24,16
2,2.40,0.15,11.8GB / 86.6MB,2.20,24,16
2,1.96,0.16,11.8GB / 86.8MB,2.30,24,16
2,2.70,0.16,11.8GB / 86.9MB,2.30,24,16
2,2.99,0.16,11.8GB / 87.1MB,2.40,24,16
2,2.74,0.16,11.8GB / 87.2MB,2.40,24,16
2,1.74,0.16,11.8GB / 87.4MB,2.50,24,16
2,1.48,0.16,11.8GB / 87.5MB,2.50,24,16
2,1.00,0.17,11.8GB / 87.5MB,2.50,24,16
2,0.86,0.17,11.8GB / 87.6MB,2.50,25,16
2,1.41,0.17,11.8GB / 87.7MB,2.60,24,16
2,2.33,0.17,11.8GB / 87.8MB,2.60,24,16
2,2.37,0.16,11.8GB / 88MB,2.60,24,16
2,0.89,0.16,11.8GB / 88MB,2.70,24,16
2,1.22,0.16,11.8GB / 88.1MB,2.70,24,16
2,1.18,0.16,11.8GB / 88.2MB,2.80,24,16
2,1.65,0.16,11.8GB / 88.3MB,2.80,24,16
2,1.24,0.16,11.8GB / 88.4MB,2.80,24,16
2,1.07,0.16,11.8GB / 88.5MB,2.90,24,16
2,1.40,0.16,11.8GB / 88.6MB,2.90,24,16
3,1.22,0.16,11.8GB / 88.7MB,2.90,24,16
3,1.27,0.16,11.8GB / 88.8MB,3.00,24,16
3,1.53,0.17,11.8GB / 88.9MB,3.00,24,16
3,1.46,0.17,11.8GB / 89MB,3.10,24,16
3,2.42,0.17,11.8GB / 89.1MB,3.20,24,16
3,0.56,0.17,11.8GB / 89.2MB,3.20,24,16
3,1.12,0.17,11.8GB / 89.3MB,3.20,24,16
3,1.60,0.17,11.8GB / 89.4MB,3.30,24,16
3,1.51,0.17,11.8GB / 89.5MB,3.30,24,16
3,1.06,0.17,11.8GB / 89.6MB,3.40,24,16
3,1.18,0.17,11.8GB / 89.7MB,3.40,24,16
3,1.21,0.17,11.8GB / 89.8MB,3.40,24,16
3,1.37,0.18,11.8GB / 89.9MB,3.50,24,16
3,1.69,0.18,11.8GB / 90MB,3.50,24,16
3,1.82,0.18,11.8GB / 90.1MB,3.60,24,16
3,1.99,0.18,11.8GB / 90.2MB,3.60,24,16
3,1.56,0.18,11.8GB / 90.3MB,3.70,24,16
3,1.44,0.18,11.8GB / 90.4MB,3.70,24,16
3,1.69,0.18,11.8GB / 90.6MB,3.80,24,16
3,1.83,0.18,11.8GB / 90.7MB,3.80,24,16
3,1.02,0.18,11.8GB / 90.8MB,3.90,24,16
3,1.33,0.18,11.8GB / 90.9MB,3.90,24,16
3,1.09,0.18,11.8GB / 90.9MB,3.90,24,16
3,1.30,0.19,11.8GB / 91MB,4.00,24,16
3,1.36,0.19,11.8GB / 91.1MB,4.00,24,16
3,1.38,0.19,11.8GB / 91.2MB,4.00,24,16
3,1.67,0.19,11.8GB / 91.3MB,4.10,24,16
3,1.42,0.19,11.8GB / 91.4MB,4.10,24,16
3,1.48,0.19,11.8GB / 91.5MB,4.10,24,16
4,1.42,0.19,11.8GB / 91.6MB,4.20,24,16
4,1.16,0.19,11.8GB / 91.7MB,4.20,24,16
4,0.83,0.19,11.8GB / 91.8MB,4.20,24,16
4,2.26,0.19,11.8GB / 91.9MB,4.30,24,16
4,1.69,0.19,11.8GB / 92MB,4.30,24,16
4,1.91,0.19,11.8GB / 92.2MB,4.40,24,16
4,2.00,0.20,11.8GB / 92.3MB,4.40,24,16
4,2.13,0.20,11.8GB / 92.5MB,4.40,24,16
4,2.20,0.20,11.8GB / 92.7MB,4.50,24,16
4,2.16,0.20,11.8GB / 92.8MB,4.50,24,16
4,1.84,0.20,11.8GB / 92.9MB,4.60,24,16
4,2.30,0.20,11.8GB / 93.1MB,4.60,24,16
4,2.08,0.20,11.8GB / 93.3MB,4.70,24,16
4,1.72,0.20,11.8GB / 93.4MB,4.70,24,16
4,1.19,0.20,11.8GB / 93.5MB,4.70,24,16
4,1.02,0.20,11.8GB / 93.6MB,4.80,24,16
4,1.87,0.20,11.8GB / 93.7MB,4.80,24,16
4,1.33,0.20,11.8GB / 93.8MB,4.80,24,16
4,1.87,0.20,11.8GB / 94MB,4.80,24,16
4,1.42,0.19,11.8GB / 94.1MB,4.90,24,16
4,1.35,0.19,11.8GB / 94.2MB,4.90,24,16
4,1.72,0.19,11.8GB / 94.3MB,4.90,24,16
4,1.29,0.19,11.8GB / 94.3MB,5.00,24,16
4,1.41,0.19,11.8GB / 94.4MB,5.00,24,16
4,1.43,0.19,11.8GB / 94.6MB,5.00,24,16
4,1.25,0.19,11.8GB / 94.6MB,5.10,24,16
4,1.10,0.19,11.8GB / 94.7MB,5.10,24,16
4,1.44,0.19,11.8GB / 94.8MB,5.10,24,16
4,1.16,0.19,11.8GB / 94.9MB,5.20,24,16
4,1.05,0.19,11.8GB / 95MB,5.20,24,16
5,2.27,0.19,11.8GB / 95.1MB,5.20,24,16
5,2.31,0.19,11.8GB / 95.3MB,5.30,24,16
5,0.80,0.19,11.8GB / 95.4MB,5.30,24,16
5,1.40,0.19,11.8GB / 95.4MB,5.40,24,16
5,1.19,0.20,11.8GB / 95.5MB,5.40,24,16
5,0.81,0.20,11.8GB / 95.6MB,5.50,24,16
5,1.05,0.20,11.8GB / 95.7MB,5.50,24,16
5,0.82,0.20,11.8GB / 95.8MB,5.50,24,16
5,0.86,0.20,11.8GB / 95.8MB,5.60,24,16
5,1.05,0.20,11.8GB / 95.9MB,5.60,24,16
5,1.38,0.20,11.8GB / 96MB,5.70,24,16
5,1.60,0.20,11.8GB / 96.2MB,5.70,24,16
5,1.81,0.20,11.8GB / 96.3MB,5.80,24,16
5,1.47,0.20,11.8GB / 96.4MB,5.80,24,16
5,1.88,0.20,11.8GB / 96.5MB,5.90,24,16
5,1.75,0.20,11.8GB / 96.6MB,5.90,24,16
5,0.90,0.20,11.8GB / 96.7MB,5.90,24,16
5,1.11,0.20,11.8GB / 96.8MB,6.00,24,16
5,1.02,0.20,11.8GB / 96.9MB,6.00,24,16
5,1.34,0.20,11.8GB / 97MB,6.00,24,16
5,1.21,0.21,11.8GB / 97MB,6.10,24,16
5,1.16,0.21,11.8GB / 97.1MB,6.10,24,16
5,1.90,0.21,11.8GB / 97.2MB,6.10,24,16
5,1.28,0.21,11.8GB / 97.3MB,6.20,24,16
5,1.37,0.21,11.8GB / 97.4MB,6.20,24,16
5,1.83,0.21,11.8GB / 97.5MB,6.20,24,16
5,1.12,0.21,11.8GB / 97.6MB,6.30,24,16
5,1.02,0.21,11.8GB / 97.7MB,6.30,24,16
5,0.84,0.21,11.8GB / 97.8MB,6.30,24,16
5,2.07,0.21,11.8GB / 97.9MB,6.40,24,16
6,1.96,0.21,11.8GB / 98MB,6.40,24,16
6,1.70,0.21,11.8GB / 98.2MB,6.50,24,16
6,2.15,0.21,11.8GB / 98.3MB,6.50,24,16
6,1.79,0.21,11.8GB / 98.5MB,6.60,24,16
6,1.87,0.21,11.8GB / 98.6MB,6.60,24,16
6,2.10,0.21,11.8GB / 98.8MB,6.60,24,16
6,1.84,0.22,11.8GB / 98.9MB,6.70,24,16
6,1.05,0.22,11.8GB / 99MB,6.70,24,16
6,1.08,0.22,11.8GB / 99.1MB,6.70,24,16
6,1.86,0.22,11.8GB / 99.2MB,6.70,24,16
6,2.23,0.22,11.8GB / 99.3MB,6.80,24,16
6,1.70,0.22,11.8GB / 99.4MB,6.80,24,16
6,2.04,0.22,11.8GB / 99.6MB,6.90,24,16
6,1.70,0.20,11.8GB / 99.8MB,6.90,24,16
6,0.70,0.21,11.8GB / 99.8MB,6.90,24,16
6,1.34,0.21,11.8GB / 99.9MB,7.00,24,16
6,1.29,0.21,11.8GB / 100MB,7.00,24,16
6,1.35,0.21,11.8GB / 100MB,7.00,24,16
6,1.37,0.21,11.8GB / 100MB,7.10,24,16
6,1.32,0.21,11.8GB / 100MB,7.10,24,16
6,1.39,0.21,11.8GB / 100MB,7.10,24,16
6,1.57,0.21,11.8GB / 101MB,7.20,24,16
6,1.34,0.21,11.8GB / 101MB,7.20,24,16
6,1.42,0.21,11.8GB / 101MB,7.20,24,16
6,1.96,0.21,11.8GB / 101MB,7.30,24,16
6,2.42,0.21,11.8GB / 101MB,7.30,24,16
6,0.85,0.21,11.8GB / 101MB,7.40,24,16
6,1.36,0.21,11.8GB / 101MB,7.40,24,16
6,1.17,0.21,11.8GB / 101MB,7.40,24,16
6,1.11,0.21,11.8GB / 101MB,7.50,24,16
7,0.77,0.21,11.8GB / 101MB,7.50,24,16
7,1.08,0.21,11.8GB / 102MB,7.50,24,16
7,1.43,0.21,11.8GB / 102MB,7.60,24,16
7,1.49,0.21,11.8GB / 102MB,7.60,24,16
7,1.24,0.21,11.8GB / 102MB,7.70,24,16
7,1.08,0.21,11.8GB / 102MB,7.70,24,16
7,1.28,0.22,11.8GB / 102MB,7.80,24,16
7,1.38,0.22,11.8GB / 102MB,7.80,24,16
7,1.57,0.22,11.8GB / 102MB,7.80,24,16
7,1.71,0.22,11.8GB / 102MB,7.90,24,16
7,1.26,0.22,11.8GB / 102MB,7.90,24,16
7,1.22,0.22,11.8GB / 103MB,7.90,24,16
7,1.46,0.22,11.8GB / 103MB,8.00,24,16
7,0.66,0.22,11.8GB / 103MB,8.00,24,16
7,0.79,0.22,11.8GB / 103MB,8.00,24,16
7,1.57,0.22,11.8GB / 103MB,8.10,24,16
7,1.03,0.22,11.8GB / 103MB,8.10,24,16
7,1.52,0.22,11.8GB / 103MB,8.10,24,16
7,1.42,0.22,11.8GB / 103MB,8.20,24,16
7,1.31,0.22,11.8GB / 103MB,8.20,24,16
7,1.26,0.22,11.8GB / 103MB,8.20,24,16
7,0.88,0.22,11.8GB / 103MB,8.30,24,16
7,1.60,0.22,11.8GB / 104MB,8.30,24,16
7,1.84,0.22,11.8GB / 104MB,8.30,24,16
7,1.81,0.22,11.8GB / 104MB,8.40,24,16
7,1.24,0.23,11.8GB / 104MB,8.40,24,16
7,1.86,0.22,11.8GB / 104MB,8.40,24,16
7,1.88,0.23,11.8GB / 104MB,8.50,24,16
7,1.53,0.23,11.8GB / 104MB,8.50,24,16
7,0.95,0.23,11.8GB / 104MB,8.50,24,16
8,0.49,0.23,11.8GB / 104MB,8.60,24,16
8,0.70,0.23,11.8GB / 105MB,8.60,24,16
8,2.05,0.23,11.8GB / 105MB,8.60,24,16
8,1.86,0.23,11.8GB / 105MB,8.70,24,16
8,1.82,0.23,11.8GB / 105MB,8.70,24,16
8,2.19,0.22,11.8GB / 105MB,8.70,24,16
8,0.80,0.22,11.8GB / 105MB,8.80,24,16
8,1.26,0.22,11.8GB / 105MB,8.80,24,16
8,1.34,0.22,11.8GB / 105MB,8.80,24,16
8,1.30,0.22,11.8GB / 105MB,8.90,24,16
8,1.23,0.22,11.8GB / 106MB,8.90,24,16
8,1.20,0.22,11.8GB / 106MB,8.90,24,16
8,1.23,0.22,11.8GB / 106MB,9.00,24,16
8,1.40,0.22,11.8GB / 106MB,9.00,24,16
8,0.70,0.22,11.8GB / 106MB,9.00,24,16
8,1.64,0.22,11.8GB / 106MB,9.10,24,16
8,2.00,0.22,11.8GB / 106MB,9.10,24,16
8,2.34,0.22,11.8GB / 106MB,9.10,24,16
8,0.82,0.22,11.8GB / 106MB,9.20,24,16
8,1.27,0.22,11.8GB / 107MB,9.20,24,16
8,0.85,0.22,11.8GB / 107MB,9.20,24,16
8,0.82,0.22,11.8GB / 107MB,9.20,24,16
8,1.09,0.22,11.8GB / 107MB,9.30,24,16
8,1.10,0.22,11.8GB / 107MB,9.30,24,16
8,1.74,0.22,11.8GB / 107MB,9.30,24,16
8,1.45,0.22,11.8GB / 107MB,9.40,24,16
8,1.34,0.22,11.8GB / 107MB,9.40,24,16
8,0.93,0.22,11.8GB / 107MB,9.50,24,16
8,1.12,0.22,11.8GB / 107MB,9.50,24,16
8,1.72,0.22,11.8GB / 107MB,9.60,24,16
9,1.80,0.22,11.8GB / 108MB,9.60,24,16
9,1.75,0.23,11.8GB / 108MB,9.60,24,16
9,1.21,0.23,11.8GB / 108MB,9.70,24,16
9,0.77,0.23,11.8GB / 108MB,9.70,24,16
9,1.47,0.23,11.8GB / 108MB,9.70,24,16
9,0.56,0.23,11.8GB / 108MB,9.80,24,16
9,1.18,0.23,11.8GB / 108MB,9.80,24,16
9,1.23,0.23,11.8GB / 108MB,9.80,24,16
9,1.44,0.23,11.8GB / 108MB,9.90,24,16
9,1.17,0.23,11.8GB / 108MB,9.90,24,16
9,1.33,0.23,11.8GB / 108MB,9.90,24,16
9,1.36,0.23,11.8GB / 109MB,10.00,24,16
9,0.72,0.23,11.8GB / 109MB,10.00,24,16
9,0.86,0.23,11.8GB / 109MB,10.00,24,16
9,2.42,0.23,11.8GB / 109MB,10.10,24,16
9,1.46,0.23,11.8GB / 109MB,10.10,24,16
9,2.00,0.23,11.8GB / 109MB,10.10,24,16
9,1.97,0.23,11.8GB / 109MB,10.20,24,16
9,1.50,0.23,11.8GB / 109MB,10.20,24,16
9,1.65,0.24,11.8GB / 109MB,10.20,25,16
9,1.76,0.24,11.8GB / 110MB,10.30,24,16
9,0.88,0.24,11.8GB / 110MB,10.30,24,16
9,1.17,0.24,11.8GB / 110MB,10.30,24,16
9,1.73,0.24,11.8GB / 110MB,10.40,24,16
9,1.77,0.24,11.8GB / 110MB,10.40,24,16
9,1.92,0.24,11.8GB / 110MB,10.40,24,16
9,2.33,0.23,11.8GB / 110MB,10.50,24,16
9,0.92,0.23,11.8GB / 110MB,10.50,24,16
9,1.00,0.23,11.8GB / 110MB,10.50,24,16
10,1.70,0.23,11.8GB / 111MB,10.60,24,16
10,1.14,0.23,11.8GB / 111MB,10.60,24,16
10,1.65,0.23,11.8GB / 111MB,10.60,24,16
10,0.93,0.23,11.8GB / 111MB,10.70,24,16
10,1.24,0.23,11.8GB / 111MB,10.70,24,16
10,1.77,0.23,11.8GB / 111MB,10.70,24,16
10,1.17,0.23,11.8GB / 111MB,10.80,24,16
10,1.49,0.23,11.8GB / 111MB,10.80,24,16
10,2.70,0.23,11.8GB / 111MB,10.80,24,16
10,1.76,0.23,11.8GB / 111MB,10.90,24,16
10,1.85,0.23,11.8GB / 112MB,10.90,24,16
10,1.00,0.23,11.8GB / 112MB,10.90,24,16
10,1.13,0.21,11.8GB / 112MB,11.00,23,16
10,1.09,0.21,11.8GB / 112MB,11.00,23,16
10,1.09,0.16,11.8GB / 112MB,11.00,20,16
10,0.81,0.16,11.8GB / 112MB,11.00,20,16
10,1.00,0.14,11.8GB / 112MB,11.10,19,16
10,1.16,0.14,11.8GB / 112MB,11.10,19,16
10,1.24,0.11,11.8GB / 112MB,11.10,17,16
10,0.77,0.11,11.8GB / 112MB,11.20,17,16
10,0.87,0.07,11.8GB / 112MB,11.20,15,16
10,0.73,0.04,11.8GB / 112MB,11.20,13,16
10,0.55,0.04,11.8GB / 112MB,11.20,13,16
10,0.91,0.00,11.8GB / 112MB,11.30,11,16
10,0.41,0.00,11.8GB / 112MB,11.30,11,16
10,0.20,-0.03,11.8GB / 113MB,11.30,9,16
10,0.22,-0.03,11.8GB / 113MB,11.30,9,16
10,0.15,-0.03,11.8GB / 113MB,11.30,9,16
10,0.24,-0.03,11.8GB / 113MB,11.40,9,16
10,0.23,-0.03,11.8GB / 113MB,11.40,9,16
10,0.21,-0.03,11.8GB / 113MB,11.40,9,16
11,0.20,-0.03,11.8GB / 113MB,11.40,9,16
11,0.20,-0.03,11.8GB / 113MB,11.40,9,16
11,0.19,-0.03,11.8GB / 113MB,11.40,9,16
11,0.11,-0.03,11.8GB / 113MB,11.40,9,16
11,0.10,-0.05,11.8GB / 113MB,11.50,8,16
0,1.15,0.00,11.8GB / 113MB,0.00,15,32
0,1.93,0.03,11.8GB / 113MB,0.00,19,32
0,2.12,0.07,11.8GB / 113MB,0.10,23,32
0,1.32,0.10,11.8GB / 113MB,0.20,27,32
0,1.55,0.13,11.8GB / 113MB,0.20,31,32
0,2.42,0.16,11.8GB / 113MB,0.30,35,32
0,4.45,0.21,11.8GB / 113MB,0.40,39,32
0,2.76,0.24,11.8GB / 113MB,0.50,40,32
0,2.94,0.26,11.8GB / 114MB,0.60,40,32
0,4.42,0.27,11.8GB / 114MB,0.70,40,32
0,1.81,0.28,11.8GB / 114MB,0.70,40,32
0,2.40,0.28,11.8GB / 114MB,0.80,40,32
0,2.40,0.29,11.8GB / 114MB,0.80,40,32
0,2.29,0.30,11.8GB / 114MB,0.90,40,32
0,2.38,0.31,11.8GB / 115MB,0.90,40,32
0,2.24,0.32,11.8GB / 115MB,1.00,40,32
1,1.64,0.32,11.8GB / 115MB,1.00,40,32
1,1.53,0.33,11.8GB / 115MB,1.10,40,32
1,1.35,0.33,11.8GB / 115MB,1.20,40,32
1,1.78,0.33,11.8GB / 115MB,1.20,40,32
1,0.98,0.34,11.8GB / 115MB,1.30,40,32
1,2.58,0.34,11.8GB / 115MB,1.30,40,32
1,3.24,0.35,11.8GB / 115MB,1.40,40,32
1,3.35,0.36,11.8GB / 116MB,1.50,40,32
1,3.70,0.37,11.8GB / 116MB,1.60,40,32
1,1.99,0.37,11.8GB / 116MB,1.70,40,32
1,1.68,0.38,11.8GB / 116MB,1.80,40,32
1,1.32,0.38,11.8GB / 116MB,1.80,40,32
1,2.20,0.39,11.8GB / 116MB,1.90,40,32
1,1.83,0.39,11.8GB / 116MB,1.90,40,32
1,1.60,0.40,11.8GB / 117MB,2.00,40,32
1,2.13,0.40,11.8GB / 117MB,2.00,40,32
1,1.66,0.40,11.8GB / 117MB,2.10,40,32
1,2.19,0.41,11.8GB / 117MB,2.10,40,32
1,1.84,0.41,11.8GB / 117MB,2.20,40,32
1,2.50,0.42,11.8GB / 117MB,2.30,40,32
1,1.88,0.42,11.8GB / 117MB,2.30,40,32
1,1.15,0.42,11.8GB / 117MB,2.40,40,32
1,2.34,0.43,11.8GB / 118MB,2.40,40,32
1,2.49,0.43,11.8GB / 118MB,2.50,40,32
1,1.78,0.44,11.8GB / 118MB,2.50,40,32
1,2.67,0.44,11.8GB / 118MB,2.60,40,32
1,2.10,0.44,11.8GB / 118MB,2.60,40,32
1,1.72,0.45,11.8GB / 118MB,2.70,40,32
1,2.51,0.45,11.8GB / 119MB,2.70,40,32
2,2.15,0.46,11.8GB / 119MB,2.80,40,32
2,1.79,0.46,11.8GB / 119MB,2.90,40,32
2,2.73,0.46,11.8GB / 119MB,2.90,40,32
2,2.72,0.47,11.8GB / 119MB,3.00,40,32
2,2.21,0.47,11.8GB / 119MB,3.00,40,32
2,2.98,0.47,11.8GB / 120MB,3.10,40,32
2,2.88,0.48,11.8GB / 120MB,3.10,40,32
2,2.58,0.48,11.8GB / 120MB,3.20,40,32
2,1.86,0.48,11.8GB / 120MB,3.20,40,32
2,3.09,0.48,11.8GB / 120MB,3.30,40,32
2,3.37,0.49,11.8GB / 120MB,3.30,40,32
2,2.40,0.49,11.8GB / 121MB,3.40,40,32
2,2.42,0.49,11.8GB / 121MB,3.40,40,32
2,2.52,0.49,11.8GB / 121MB,3.40,40,32
2,3.39,0.50,11.8GB / 121MB,3.50,40,32
2,2.49,0.50,11.8GB / 121MB,3.60,40,32
2,3.56,0.51,11.8GB / 122MB,3.60,40,32
2,3.78,0.51,11.8GB / 122MB,3.70,40,32
2,4.39,0.51,11.8GB / 122MB,3.80,40,32
2,3.82,0.52,11.8GB / 122MB,3.80,40,32
2,4.11,0.52,11.8GB / 122MB,3.90,40,32
2,3.54,0.52,11.8GB / 123MB,3.90,40,32
2,3.61,0.53,11.8GB / 123MB,4.00,40,32
2,3.94,0.53,11.8GB / 123MB,4.10,40,32
2,4.16,0.53,11.8GB / 123MB,4.10,40,32
2,3.55,0.54,11.8GB / 124MB,4.20,40,32
2,3.81,0.54,11.8GB / 124MB,4.20,40,32
2,3.55,0.54,11.8GB / 124MB,4.30,40,32
2,1.40,0.54,11.8GB / 124MB,4.30,40,32
2,1.06,0.54,11.8GB / 124MB,4.30,40,32
2,0.36,0.55,11.8GB / 124MB,4.30,40,32
3,1.82,0.55,11.8GB / 125MB,4.30,40,32
3,3.83,0.55,11.8GB / 125MB,4.40,40,32
3,4.23,0.55,11.8GB / 125MB,4.40,40,32
3,5.09,0.55,11.8GB / 125MB,4.50,40,32
3,4.61,0.56,11.8GB / 126MB,4.50,40,32
3,3.97,0.54,11.8GB / 126MB,4.60,40,32
3,1.38,0.54,11.8GB / 126MB,4.70,40,32
3,1.89,0.54,11.8GB / 126MB,4.70,40,32
3,1.79,0.54,11.8GB / 126MB,4.80,40,32
3,1.84,0.54,11.8GB / 126MB,4.90,40,32
3,1.18,0.55,11.8GB / 126MB,5.00,40,32
3,2.28,0.55,11.8GB / 127MB,5.00,40,32
3,1.69,0.55,11.8GB / 127MB,5.10,40,32
3,1.51,0.55,11.8GB / 127MB,5.20,40,32
3,2.01,0.55,11.8GB / 127MB,5.20,40,32
3,2.41,0.55,11.8GB / 127MB,5.30,40,32
3,1.90,0.56,11.8GB / 127MB,5.40,40,32
3,1.83,0.56,11.8GB / 127MB,5.40,40,32
3,2.39,0.56,11.8GB / 128MB,5.50,40,32
3,0.96,0.56,11.8GB / 128MB,5.60,40,32
3,2.38,0.56,11.8GB / 128MB,5.60,40,32
3,2.06,0.56,11.8GB / 128MB,5.70,40,32
3,2.31,0.57,11.8GB / 128MB,5.80,40,32
3,1.91,0.57,11.8GB / 128MB,5.80,40,32
3,3.55,0.57,11.8GB / 128MB,5.90,40,32
3,1.70,0.57,11.8GB / 128MB,6.00,40,32
3,2.52,0.57,11.8GB / 129MB,6.00,40,32
3,3.46,0.57,11.8GB / 129MB,6.10,40,32
3,3.54,0.58,11.8GB / 129MB,6.20,40,32
4,3.59,0.58,11.8GB / 129MB,6.30,40,32
4,4.28,0.58,11.8GB / 130MB,6.40,40,32
4,1.73,0.58,11.8GB / 130MB,6.50,40,32
4,2.54,0.58,11.8GB / 130MB,6.50,40,32
4,2.03,0.59,11.8GB / 130MB,6.60,40,32
4,1.84,0.59,11.8GB / 130MB,6.70,40,32
4,3.34,0.59,11.8GB / 130MB,6.70,40,32
4,2.15,0.59,11.8GB / 131MB,6.80,40,32
4,2.58,0.59,11.8GB / 131MB,6.80,40,32
4,2.53,0.59,11.8GB / 131MB,6.90,40,32
4,2.09,0.60,11.8GB / 131MB,7.00,40,32
4,1.85,0.60,11.8GB / 131MB,7.00,40,32
4,2.52,0.60,11.8GB / 132MB,7.10,40,32
4,2.38,0.60,11.8GB / 132MB,7.10,40,32
4,2.50,0.60,11.8GB / 132MB,7.20,40,32
4,2.88,0.60,11.8GB / 132MB,7.20,40,32
4,1.35,0.60,11.8GB / 132MB,7.30,40,32
4,1.08,0.60,11.8GB / 132MB,7.30,40,32
4,1.80,0.60,11.8GB / 132MB,7.30,40,32
4,2.06,0.61,11.8GB / 133MB,7.40,40,32
4,2.24,0.61,11.8GB / 133MB,7.50,40,32
4,3.27,0.61,11.8GB / 133MB,7.50,40,32
4,3.06,0.61,11.8GB / 133MB,7.60,40,32
4,3.08,0.61,11.8GB / 133MB,7.60,40,32
4,2.57,0.61,11.8GB / 134MB,7.70,40,32
4,3.30,0.66,11.8GB / 134MB,7.70,41,32
4,2.38,0.67,11.8GB / 134MB,7.80,41,32
4,5.65,0.66,11.8GB / 134MB,7.80,41,32
4,2.73,0.65,11.8GB / 134MB,7.90,40,32
4,2.50,0.65,11.8GB / 135MB,8.00,40,32
5,2.30,0.65,11.8GB / 135MB,8.00,40,32
5,2.04,0.65,11.8GB / 135MB,8.10,40,32
5,2.68,0.65,11.8GB / 135MB,8.10,40,32
5,2.93,0.65,11.8GB / 135MB,8.10,40,32
5,3.43,0.65,11.8GB / 136MB,8.20,40,32
5,2.11,0.66,11.8GB / 136MB,8.20,40,32
5,1.69,0.66,11.8GB / 136MB,8.20,40,32
5,2.06,0.66,11.8GB / 136MB,8.30,40,32
5,1.46,0.66,11.8GB / 136MB,8.30,40,32
5,2.74,0.66,11.8GB / 136MB,8.30,40,32
5,3.57,0.66,11.8GB / 136MB,8.40,40,32
5,2.69,0.66,11.8GB / 137MB,8.40,40,32
5,1.50,0.66,11.8GB / 137MB,8.50,40,32
5,2.47,0.66,11.8GB / 137MB,8.50,40,32
5,1.80,0.66,11.8GB / 137MB,8.50,40,32
5,2.70,0.66,11.8GB / 137MB,8.50,40,32
5,1.36,0.67,11.8GB / 137MB,8.60,40,32
5,2.10,0.67,11.8GB / 138MB,8.60,40,32
5,1.97,0.67,11.8GB / 138MB,8.60,40,32
5,1.40,0.67,11.8GB / 138MB,8.60,40,32
5,0.72,0.67,11.8GB / 138MB,8.60,40,32
5,3.10,0.67,11.8GB / 138MB,8.70,40,32
5,2.73,0.67,11.8GB / 138MB,8.70,40,32
5,1.17,0.67,11.8GB / 138MB,8.70,40,32
5,3.72,0.67,11.8GB / 139MB,8.70,41,32
5,4.58,0.67,11.8GB / 139MB,8.80,40,32
5,4.50,0.67,11.8GB / 139MB,8.80,40,32
5,2.94,0.68,11.8GB / 139MB,8.90,40,32
5,2.68,0.68,11.8GB / 139MB,8.90,40,32
5,2.70,0.68,11.8GB / 140MB,9.00,40,32
6,3.75,0.68,11.8GB / 140MB,9.00,40,32
6,1.70,0.68,11.8GB / 140MB,9.10,40,32
6,2.87,0.68,11.8GB / 140MB,9.10,40,32
6,4.61,0.68,11.8GB / 141MB,9.20,40,32
6,4.34,0.68,11.8GB / 141MB,9.20,40,32
6,3.86,0.68,11.8GB / 141MB,9.30,40,32
6,3.00,0.69,11.8GB / 141MB,9.30,40,32
6,3.79,0.69,11.8GB / 142MB,9.40,40,32
6,4.18,0.69,11.8GB / 142MB,9.40,40,32
6,3.59,0.69,11.8GB / 142MB,9.50,40,32
6,3.60,0.69,11.8GB / 143MB,9.50,40,32
6,5.00,0.69,11.8GB / 143MB,9.60,40,32
6,4.74,0.69,11.8GB / 143MB,9.60,40,32
6,4.93,0.70,11.8GB / 143MB,9.70,40,32
6,4.50,0.70,11.8GB / 144MB,9.80,40,32
6,3.33,0.70,11.8GB / 144MB,9.80,40,32
6,3.97,0.70,11.8GB / 144MB,9.90,40,32
6,3.16,0.70,11.8GB / 145MB,9.90,40,32
6,1.86,0.70,11.8GB / 145MB,9.90,40,32
6,2.56,0.70,11.8GB / 145MB,9.90,40,32
6,2.65,0.70,11.8GB / 145MB,10.00,40,32
6,3.00,0.70,11.8GB / 145MB,10.00,40,32
6,4.06,0.71,11.8GB / 146MB,10.10,40,32
6,3.44,0.71,11.8GB / 146MB,10.10,40,32
6,4.49,0.71,11.8GB / 146MB,10.20,40,32
6,3.94,0.71,11.8GB / 147MB,10.20,40,32
6,3.84,0.68,11.8GB / 147MB,10.20,40,32
6,2.66,0.66,11.8GB / 147MB,10.30,40,32
6,1.62,0.66,11.8GB / 147MB,10.40,40,32
6,1.98,0.67,11.8GB / 147MB,10.50,40,32
7,2.34,0.67,11.8GB / 147MB,10.50,40,32
7,2.00,0.67,11.8GB / 148MB,10.60,40,32
7,2.23,0.67,11.8GB / 148MB,10.70,40,32
7,1.96,0.67,11.8GB / 148MB,10.80,40,32
7,1.89,0.67,11.8GB / 148MB,10.80,40,32
7,2.07,0.67,11.8GB / 148MB,10.90,40,32
7,2.45,0.67,11.8GB / 148MB,11.00,40,32
7,1.93,0.67,11.8GB / 148MB,11.10,40,32
7,2.13,0.68,11.8GB / 149MB,11.10,40,32
7,2.53,0.68,11.8GB / 149MB,11.20,40,32
7,2.45,0.68,11.8GB / 149MB,11.30,40,32
7,2.72,0.68,11.8GB / 149MB,11.40,40,32
7,2.05,0.68,11.8GB / 149MB,11.40,40,32
7,2.09,0.68,11.8GB / 149MB,11.50,40,32
7,2.02,0.68,11.8GB / 150MB,11.60,40,32
7,2.73,0.69,11.8GB / 150MB,11.60,40,32
7,2.25,0.69,11.8GB / 150MB,11.70,40,32
7,2.92,0.69,11.8GB / 150MB,11.80,40,32
7,1.87,0.69,11.8GB / 150MB,11.80,40,32
7,2.43,0.69,11.8GB / 150MB,11.90,40,32
7,1.77,0.69,11.8GB / 151MB,12.00,40,32
7,1.99,0.69,11.8GB / 151MB,12.00,40,32
7,2.60,0.69,11.8GB / 151MB,12.10,40,32
7,4.29,0.69,11.8GB / 151MB,12.20,40,32
7,3.91,0.70,11.8GB / 151MB,12.30,40,32
7,3.77,0.70,11.8GB / 152MB,12.30,40,32
7,2.61,0.70,11.8GB / 152MB,12.40,40,32
7,3.57,0.70,11.8GB / 152MB,12.50,40,32
7,1.56,0.70,11.8GB / 152MB,12.60,40,32
8,2.33,0.70,11.8GB / 152MB,12.60,40,32
8,3.29,0.70,11.8GB / 153MB,12.70,40,32
8,2.96,0.70,11.8GB / 153MB,12.70,40,32
8,2.04,0.70,11.8GB / 153MB,12.80,40,32
8,2.50,0.70,11.8GB / 153MB,12.80,40,32
8,3.31,0.71,11.8GB / 153MB,12.90,40,32
8,3.15,0.71,11.8GB / 154MB,13.00,40,32
8,2.64,0.71,11.8GB / 154MB,13.00,40,32
8,2.03,0.71,11.8GB / 154MB,13.10,40,32
8,2.00,0.71,11.8GB / 154MB,13.10,40,32
8,2.01,0.71,11.8GB / 154MB,13.20,40,32
8,1.48,0.71,11.8GB / 154MB,13.20,40,32
8,2.39,0.71,11.8GB / 155MB,13.30,40,32
8,2.10,0.71,11.8GB / 155MB,13.30,40,32
8,1.92,0.71,11.8GB / 155MB,13.40,40,32
8,2.75,0.71,11.8GB / 155MB,13.40,40,32
8,2.28,0.72,11.8GB / 155MB,13.40,40,32
8,1.97,0.72,11.8GB / 155MB,13.50,40,32
8,2.33,0.72,11.8GB / 156MB,13.50,40,32
8,2.95,0.72,11.8GB / 156MB,13.60,40,32
8,3.29,0.72,11.8GB / 156MB,13.60,40,32
8,3.79,0.72,11.8GB / 156MB,13.70,40,32
8,3.15,0.72,11.8GB / 157MB,13.70,40,32
8,3.78,0.72,11.8GB / 157MB,13.80,40,32
8,3.32,0.72,11.8GB / 157MB,13.90,40,32
8,3.32,0.72,11.8GB / 157MB,13.90,40,32
8,3.46,0.72,11.8GB / 157MB,14.00,40,32
8,2.30,0.73,11.8GB / 158MB,14.00,40,32
8,1.71,0.73,11.8GB / 158MB,14.10,40,32
8,3.21,0.73,11.8GB / 158MB,14.10,40,32
8,3.01,0.73,11.8GB / 158MB,14.10,40,32
9,2.90,0.73,11.8GB / 159MB,14.20,40,32
9,3.43,0.73,11.8GB / 159MB,14.20,40,32
9,2.56,0.73,11.8GB / 159MB,14.30,40,32
9,2.77,0.73,11.8GB / 159MB,14.30,40,32
9,2.76,0.73,11.8GB / 159MB,14.40,40,32
9,3.14,0.73,11.8GB / 160MB,14.40,40,32
9,3.26,0.73,11.8GB / 160MB,14.50,40,32
9,3.97,0.74,11.8GB / 160MB,14.50,40,32
9,3.85,0.74,11.8GB / 161MB,14.60,40,32
9,3.63,0.74,11.8GB / 161MB,14.60,40,32
9,2.90,0.74,11.8GB / 161MB,14.70,40,32
9,2.85,0.74,11.8GB / 161MB,14.70,40,32
9,3.40,0.74,11.8GB / 162MB,14.80,40,32
9,3.36,0.74,11.8GB / 162MB,14.80,40,32
9,3.55,0.74,11.9GB / 162MB,14.80,40,32
9,2.87,0.74,11.9GB / 162MB,14.90,40,32
9,3.40,0.74,11.9GB / 162MB,14.90,40,32
9,3.10,0.74,11.9GB / 163MB,15.00,40,32
9,2.77,0.75,11.9GB / 163MB,15.00,40,32
9,3.28,0.75,11.9GB / 163MB,15.00,40,32
9,4.56,0.75,11.9GB / 163MB,15.10,40,32
9,5.51,0.75,11.9GB / 164MB,15.20,40,32
9,4.48,0.75,11.9GB / 164MB,15.20,40,32
9,3.34,0.75,11.9GB / 164MB,15.20,40,32
9,3.61,0.75,11.9GB / 165MB,15.30,40,32
9,4.59,0.75,11.9GB / 165MB,15.30,40,32
9,4.62,0.75,11.9GB / 165MB,15.40,40,32
9,4.07,0.75,11.9GB / 166MB,15.40,40,32
9,3.48,0.76,11.9GB / 166MB,15.50,40,32
10,4.47,0.76,11.9GB / 166MB,15.50,40,32
10,4.24,0.76,11.9GB / 166MB,15.50,40,32
10,3.80,0.76,11.9GB / 167MB,15.60,40,32
10,3.04,0.76,11.9GB / 167MB,15.60,40,32
10,2.58,0.76,11.9GB / 167MB,15.60,40,32
10,1.77,0.76,11.9GB / 167MB,15.70,40,32
10,2.01,0.76,11.9GB / 167MB,15.70,40,32
10,3.67,0.76,11.9GB / 168MB,15.70,40,32
10,1.06,0.76,11.9GB / 168MB,15.80,40,32
10,2.17,0.76,11.9GB / 168MB,15.80,40,32
10,3.69,0.76,11.9GB / 168MB,15.90,40,32
10,4.84,0.76,11.9GB / 169MB,15.90,40,32
10,4.96,0.76,11.9GB / 169MB,15.90,40,32
10,4.04,0.77,11.9GB / 169MB,16.00,40,32
10,3.54,0.71,11.9GB / 169MB,16.00,37,32
10,3.29,0.62,11.9GB / 170MB,16.10,33,32
10,2.32,0.55,11.9GB / 170MB,16.10,31,32
10,1.05,0.55,11.9GB / 170MB,16.10,31,32
10,1.48,0.55,11.9GB / 170MB,16.20,31,32
10,1.50,0.55,11.9GB / 170MB,16.30,31,32
10,1.28,0.53,11.9GB / 170MB,16.30,30,32
10,1.95,0.54,11.9GB / 170MB,16.40,30,32
10,1.44,0.52,11.9GB / 170MB,16.40,29,32
10,1.26,0.52,11.9GB / 171MB,16.50,29,32
10,2.10,0.48,11.9GB / 171MB,16.50,27,32
10,2.30,0.48,11.9GB / 171MB,16.60,27,32
10,1.15,0.47,11.9GB / 171MB,16.60,26,32
10,1.36,0.43,11.9GB / 171MB,16.70,24,32
10,1.10,0.43,11.9GB / 171MB,16.70,24,32
10,0.88,0.41,11.9GB / 171MB,16.80,23,32
10,0.99,0.39,11.9GB / 171MB,16.80,22,32
11,1.65,0.34,11.9GB / 171MB,16.90,19,32
11,1.02,0.29,11.9GB / 171MB,16.90,16,32
11,0.85,0.29,11.9GB / 171MB,16.90,16,32
11,0.68,0.27,11.9GB / 171MB,17.00,15,32
11,0.64,0.27,11.9GB / 171MB,17.00,15,32
11,0.51,0.27,11.9GB / 171MB,17.00,15,32
11,0.85,0.27,11.9GB / 171MB,17.10,15,32
11,0.44,0.27,11.9GB / 172MB,17.10,15,32
11,0.62,0.27,11.9GB / 172MB,17.10,15,32
11,0.93,0.27,11.9GB / 172MB,17.20,15,32
11,1.00,0.27,11.9GB / 172MB,17.20,15,32
11,0.94,0.27,11.9GB / 172MB,17.30,15,32
11,1.41,0.25,11.9GB / 172MB,17.30,14,32
11,0.79,0.23,11.9GB / 172MB,17.30,13,32
11,0.56,0.23,11.9GB / 172MB,17.40,13,32
11,0.70,0.21,11.9GB / 172MB,17.40,12,32
11,0.81,0.18,11.9GB / 172MB,17.40,10,32
11,0.39,0.14,11.9GB / 172MB,17.40,8,32
11,0.10,0.14,11.9GB / 172MB,17.50,8,32
11,0.10,0.14,11.9GB / 172MB,17.50,8,32
0,3.12,0.00,11.9GB / 173MB,0.00,35,64
0,3.43,0.05,11.9GB / 173MB,0.10,39,64
0,2.90,0.09,11.9GB / 173MB,0.20,43,64
0,3.28,0.13,11.9GB / 173MB,0.30,47,64
0,4.16,0.17,11.9GB / 173MB,0.40,51,64
0,3.01,0.21,11.9GB / 173MB,0.50,55,64
0,1.78,0.24,11.9GB / 174MB,0.50,59,64
0,2.91,0.27,11.9GB / 174MB,0.60,63,64
0,3.94,0.31,11.9GB / 174MB,0.70,67,64
0,4.57,0.36,11.9GB / 174MB,0.90,71,64
0,3.22,0.39,11.9GB / 174MB,0.90,72,64
0,3.22,0.41,11.9GB / 174MB,1.00,72,64
0,5.87,0.43,11.9GB / 175MB,1.10,72,64
0,4.08,0.45,11.9GB / 175MB,1.20,72,64
0,6.67,0.48,11.9GB / 175MB,1.40,72,64
0,5.64,0.50,11.9GB / 175MB,1.50,72,64
1,5.61,0.52,11.9GB / 176MB,1.60,72,64
1,6.75,0.54,11.9GB / 176MB,1.80,72,64
1,5.87,0.56,11.9GB / 176MB,1.80,72,64
1,6.13,0.57,11.9GB / 177MB,2.00,72,64
1,6.14,0.57,11.9GB / 177MB,2.10,72,64
1,6.43,0.56,11.9GB / 177MB,2.20,72,64
1,4.19,0.56,11.9GB / 177MB,2.30,72,64
1,2.58,0.57,11.9GB / 178MB,2.40,72,64
1,2.96,0.61,11.9GB / 178MB,2.50,73,64
1,2.92,0.62,11.9GB / 178MB,2.60,73,64
1,4.80,0.61,11.9GB / 178MB,2.70,73,64
1,5.66,0.63,11.9GB / 178MB,2.80,73,64
1,3.54,0.61,11.9GB / 178MB,2.90,72,64
1,3.53,0.61,11.9GB / 178MB,3.00,72,64
1,2.33,0.62,11.9GB / 179MB,3.10,72,64
1,2.63,0.63,11.9GB / 179MB,3.20,72,64
1,3.25,0.64,11.9GB / 179MB,3.20,72,64
1,3.90,0.64,11.9GB / 179MB,3.30,72,64
1,2.96,0.65,11.9GB / 179MB,3.40,72,64
1,4.11,0.66,11.9GB / 179MB,3.50,72,64
1,2.82,0.66,11.9GB / 180MB,3.60,72,64
1,3.09,0.67,11.9GB / 180MB,3.70,72,64
1,2.73,0.68,11.9GB / 180MB,3.70,72,64
1,3.74,0.68,11.9GB / 180MB,3.80,72,64
1,2.48,0.69,11.9GB / 180MB,3.90,72,64
1,3.67,0.70,11.9GB / 180MB,4.00,72,64
1,3.70,0.70,11.9GB / 181MB,4.10,72,64
1,4.14,0.71,11.9GB / 181MB,4.10,72,64
1,4.07,0.72,11.9GB / 181MB,4.20,72,64
2,2.88,0.72,11.9GB / 181MB,4.30,72,64
2,2.89,0.73,11.9GB / 181MB,4.40,72,64
2,4.14,0.74,11.9GB / 182MB,4.50,72,64
2,6.10,0.75,11.9GB / 182MB,4.60,72,64
2,5.59,0.76,11.9GB / 182MB,4.70,72,64
2,6.47,0.77,11.9GB / 183MB,4.80,72,64
2,5.08,0.78,11.9GB / 183MB,5.00,72,64
2,5.27,0.79,11.9GB / 183MB,5.10,72,64
2,6.42,0.80,11.9GB / 184MB,5.20,72,64
2,4.71,0.80,11.9GB / 184MB,5.30,72,64
2,4.80,0.81,11.9GB / 184MB,5.40,72,64
2,5.45,0.82,11.9GB / 184MB,5.50,72,64
2,3.70,0.82,11.9GB / 185MB,5.60,72,64
2,4.63,0.83,11.9GB / 185MB,5.70,72,64
2,4.20,0.84,11.9GB / 185MB,5.80,72,64
2,3.95,0.84,11.9GB / 186MB,5.80,72,64
2,6.17,0.85,11.9GB / 186MB,5.90,72,64
2,4.50,0.86,11.9GB / 186MB,6.00,72,64
2,4.56,0.86,11.9GB / 186MB,6.10,72,64
2,5.60,0.87,11.9GB / 187MB,6.20,72,64
2,5.32,0.88,11.9GB / 187MB,6.30,72,64
2,3.89,0.88,11.9GB / 187MB,6.30,72,64
2,6.04,0.89,11.9GB / 188MB,6.40,72,64
2,6.22,0.90,11.9GB / 188MB,6.50,72,64
2,4.68,0.90,11.9GB / 188MB,6.60,72,64
2,6.13,0.91,11.9GB / 189MB,6.70,72,64
2,4.72,0.91,11.9GB / 189MB,6.70,72,64
2,6.09,0.92,11.9GB / 189MB,6.80,72,64
2,6.42,0.93,11.9GB / 190MB,6.90,72,64
2,5.47,0.93,11.9GB / 190MB,7.00,72,64
3,5.66,0.94,11.9GB / 191MB,7.10,72,64
3,4.01,0.95,11.9GB / 191MB,7.10,72,64
3,6.28,0.95,11.9GB / 191MB,7.20,72,64
3,6.08,0.96,11.9GB / 192MB,7.30,72,64
3,4.58,0.96,11.9GB / 192MB,7.40,72,64
3,6.02,0.97,11.9GB / 192MB,7.40,72,64
3,6.49,0.98,11.9GB / 193MB,7.50,72,64
3,5.12,0.98,11.9GB / 193MB,7.60,72,64
3,6.51,0.99,11.9GB / 193MB,7.60,72,64
3,7.09,0.99,11.9GB / 194MB,7.70,72,64
3,5.97,1.00,11.9GB / 194MB,7.80,72,64
3,5.43,1.01,11.9GB / 195MB,7.80,72,64
3,6.89,1.01,11.9GB / 195MB,7.90,72,64
3,3.08,1.02,11.9GB / 195MB,8.00,72,64
3,7.66,1.02,11.9GB / 196MB,8.00,72,64
3,5.61,1.03,11.9GB / 196MB,8.10,72,64
3,5.21,1.04,11.9GB / 196MB,8.20,72,64
3,5.48,1.04,11.9GB / 197MB,8.20,72,64
3,6.24,1.05,11.9GB / 197MB,8.30,72,64
3,6.00,1.05,11.9GB / 198MB,8.30,72,64
3,6.71,1.06,11.9GB / 198MB,8.40,72,64
3,4.60,1.06,11.9GB / 198MB,8.50,72,64
3,6.86,1.07,11.9GB / 199MB,8.50,72,64
3,4.95,1.08,11.9GB / 199MB,8.60,72,64
3,7.81,1.08,11.9GB / 200MB,8.60,72,64
3,5.62,1.09,11.9GB / 200MB,8.70,72,64
3,5.95,1.09,11.9GB / 200MB,8.80,72,64
3,7.01,1.09,11.9GB / 201MB,8.80,72,64
3,5.34,1.10,11.9GB / 201MB,8.90,72,64
3,5.64,1.10,11.9GB / 202MB,8.90,72,64
4,4.01,1.11,11.9GB / 202MB,8.90,72,64
4,7.20,1.11,11.9GB / 202MB,8.90,72,64
4,7.62,1.12,11.9GB / 203MB,8.90,72,64
4,5.60,1.12,11.9GB / 203MB,8.90,72,64
4,5.78,1.13,11.9GB / 203MB,8.90,72,64
4,4.26,1.13,11.9GB / 204MB,8.90,72,64
4,5.18,1.13,11.9GB / 204MB,8.90,72,64
4,4.77,1.14,11.9GB / 205MB,8.90,72,64
4,4.60,1.14,11.9GB / 205MB,8.90,72,64
4,4.71,1.15,11.9GB / 205MB,9.90,72,64
4,6.69,1.15,11.9GB / 206MB,9.90,72,64
4,7.80,1.16,11.9GB / 206MB,9.90,72,64
4,8.10,1.16,11.9GB / 207MB,9.90,72,64
4,5.64,1.17,11.9GB / 207MB,9.90,72,64
4,5.60,1.17,11.9GB / 208MB,9.90,72,64
4,7.51,1.18,11.9GB / 208MB,9.90,72,64
4,7.81,1.18,11.9GB / 209MB,9.90,72,64
4,8.07,1.19,11.9GB / 209MB,9.90,72,64
4,8.35,1.19,11.9GB / 210MB,9.90,72,64
4,7.87,1.20,11.9GB / 210MB,9.90,72,64
4,10.25,1.20,11.9GB / 211MB,9.90,72,64
4,8.01,1.21,11.9GB / 211MB,9.90,72,64
4,8.20,1.22,11.9GB / 212MB,9.90,72,64
4,11.45,1.22,11.9GB / 212MB,9.90,72,64
4,8.80,1.23,11.9GB / 213MB,9.90,72,64
4,8.38,1.23,11.9GB / 213MB,10.90,72,64
4,10.10,1.24,11.9GB / 214MB,10.90,72,64
4,7.84,1.24,11.9GB / 214MB,10.90,72,64
4,11.26,1.24,11.9GB / 215MB,10.90,72,64
4,8.59,1.25,11.9GB / 215MB,10.90,72,64
5,7.16,1.25,11.9GB / 216MB,10.90,72,64
5,7.00,1.25,11.9GB / 216MB,10.90,72,64
5,3.83,1.26,11.9GB / 217MB,10.90,72,64
5,6.76,1.26,11.9GB / 217MB,10.90,72,64
5,1.38,1.26,11.9GB / 217MB,10.90,72,64
5,3.42,1.26,11.9GB / 218MB,10.90,72,64
5,3.07,1.26,11.9GB / 218MB,10.90,72,64
5,1.57,1.26,11.9GB / 218MB,10.90,72,64
5,2.88,1.26,11.9GB / 218MB,10.90,72,64
5,11.79,1.31,11.9GB / 219MB,10.90,73,64
5,9.09,1.32,11.9GB / 219MB,10.90,73,64
5,14.71,1.52,11.9GB / 220MB,10.90,73,64
5,12.45,1.95,11.9GB / 220MB,10.90,72,64
5,7.76,2.02,11.9GB / 221MB,10.90,72,64
5,1.42,2.02,11.9GB / 221MB,10.90,72,64
5,4.46,2.02,11.9GB / 221MB,10.90,72,64
5,2.06,2.02,11.9GB / 221MB,10.90,72,64
5,2.73,2.02,11.9GB / 221MB,10.90,72,64
5,4.42,2.03,11.9GB / 221MB,10.90,72,64
5,3.01,2.03,11.9GB / 221MB,10.90,72,64
5,2.87,2.03,11.9GB / 222MB,10.90,72,64
5,7.36,2.02,11.9GB / 222MB,11.90,72,64
5,11.88,1.99,11.9GB / 222MB,11.90,72,64
5,6.01,2.00,11.9GB / 223MB,11.90,72,64
5,5.38,2.00,11.9GB / 223MB,11.90,72,64
5,5.06,2.00,11.9GB / 223MB,11.90,72,64
5,5.02,2.00,11.9GB / 223MB,11.90,72,64
5,5.82,2.01,11.9GB / 223MB,11.90,72,64
5,6.25,2.01,11.9GB / 224MB,11.90,72,64
5,6.12,2.01,11.9GB / 224MB,11.90,72,64
6,6.40,2.02,11.9GB / 224MB,11.90,72,64
6,8.04,2.02,11.9GB / 224MB,12.90,72,64
6,5.50,2.02,11.9GB / 225MB,12.90,72,64
6,7.56,2.02,11.9GB / 225MB,12.90,72,64
6,5.68,2.03,11.9GB / 225MB,12.90,72,64
6,6.52,2.03,11.9GB / 225MB,12.90,72,64
6,7.39,2.03,11.9GB / 226MB,12.90,72,64
6,7.27,2.03,11.9GB / 226MB,12.90,72,64
6,6.35,2.04,11.9GB / 226MB,12.90,72,64
6,4.10,2.04,11.9GB / 226MB,12.90,72,64
6,3.74,2.04,11.9GB / 227MB,13.90,72,64
6,3.88,2.05,11.9GB / 227MB,13.90,72,64
6,4.91,2.05,11.9GB / 227MB,13.90,72,64
6,5.68,2.05,11.9GB / 228MB,13.90,72,64
6,4.61,2.05,11.9GB / 228MB,13.90,72,64
6,4.83,2.06,11.9GB / 228MB,13.90,72,64
6,5.96,2.06,11.9GB / 229MB,13.90,72,64
6,3.98,2.06,11.9GB / 229MB,13.90,72,64
6,5.67,2.06,11.9GB / 229MB,13.90,72,64
6,3.87,2.06,11.9GB / 229MB,14.90,72,64
6,4.48,2.07,11.9GB / 230MB,14.90,72,64
6,5.94,2.07,11.9GB / 230MB,14.90,72,64
6,4.66,2.07,11.9GB / 230MB,14.90,72,64
6,5.26,2.07,11.9GB / 231MB,14.90,72,64
6,4.83,2.08,11.9GB / 231MB,14.90,72,64
6,6.32,2.08,11.9GB / 231MB,14.90,72,64
6,5.07,2.08,11.9GB / 232MB,14.90,72,64
6,5.50,2.08,11.9GB / 232MB,14.90,72,64
6,6.43,2.09,11.9GB / 232MB,14.90,72,64
6,4.84,2.09,11.9GB / 233MB,14.90,72,64
7,4.89,2.09,11.9GB / 233MB,15.90,72,64
7,4.92,2.09,11.9GB / 233MB,15.90,72,64
7,5.00,2.10,11.9GB / 234MB,15.90,72,64
7,4.96,2.10,11.9GB / 234MB,15.90,72,64
7,4.12,2.10,11.9GB / 234MB,15.90,72,64
7,5.39,2.10,11.9GB / 235MB,15.90,72,64
7,5.37,2.10,11.9GB / 235MB,15.90,72,64
7,5.08,2.11,11.9GB / 235MB,15.90,72,64
7,3.96,2.11,11.9GB / 236MB,15.90,72,64
7,5.62,2.11,11.9GB / 236MB,15.90,72,64
7,3.66,2.11,11.9GB / 236MB,15.90,72,64
7,5.03,2.11,11.9GB / 236MB,15.90,72,64
7,5.55,2.11,11.9GB / 237MB,15.90,72,64
7,6.95,2.12,11.9GB / 237MB,16.90,72,64
7,6.30,2.12,11.9GB / 238MB,16.90,72,64
7,6.34,2.12,11.9GB / 238MB,16.90,72,64
7,6.09,2.12,11.9GB / 239MB,16.90,72,64
7,6.52,2.13,11.9GB / 239MB,16.90,72,64
7,6.75,2.13,11.9GB / 239MB,16.90,72,64
7,9.56,2.13,11.9GB / 240MB,16.90,72,64
7,5.66,2.13,11.9GB / 240MB,16.90,72,64
7,5.50,2.14,11.9GB / 241MB,16.90,72,64
7,5.23,2.14,11.9GB / 241MB,16.90,72,64
7,6.59,2.14,11.9GB / 241MB,16.90,72,64
7,6.39,2.14,11.9GB / 242MB,17.90,72,64
7,6.30,2.14,11.9GB / 242MB,17.90,72,64
7,7.24,2.15,11.9GB / 243MB,17.90,72,64
7,7.21,2.15,11.9GB / 243MB,17.90,72,64
7,6.50,2.15,11.9GB / 244MB,17.90,72,64
8,8.02,2.15,11.9GB / 244MB,17.90,72,64
8,7.58,2.15,11.9GB / 245MB,17.90,72,64
8,7.42,2.16,11.9GB / 245MB,17.90,72,64
8,7.47,2.16,11.9GB / 245MB,17.90,72,64
8,7.62,2.16,11.9GB / 246MB,17.90,72,64
8,6.41,2.17,11.9GB / 246MB,17.90,72,64
8,8.26,2.17,11.9GB / 247MB,17.90,72,64
8,7.67,2.17,11.9GB / 247MB,17.90,72,64
8,8.78,2.17,11.9GB / 248MB,18.90,72,64
8,5.72,2.17,11.9GB / 248MB,18.90,72,64
8,8.91,2.18,11.9GB / 249MB,18.90,73,64
8,6.30,2.18,11.9GB / 249MB,18.90,72,64
8,8.01,2.18,11.9GB / 250MB,18.90,72,64
8,5.89,2.18,11.9GB / 250MB,18.90,72,64
8,5.47,2.19,11.9GB / 250MB,18.90,72,64
8,8.87,2.19,11.9GB / 251MB,18.90,72,64
8,5.40,2.19,11.9GB / 251MB,18.90,72,64
8,6.52,2.19,11.9GB / 252MB,18.90,72,64
8,7.63,2.19,11.9GB / 252MB,18.90,72,64
8,7.12,2.20,11.9GB / 253MB,18.90,72,64
8,5.38,2.20,11.9GB / 253MB,18.90,72,64
8,6.67,2.20,11.9GB / 254MB,18.90,72,64
8,4.70,2.20,11.9GB / 254MB,18.90,72,64
8,5.35,2.20,11.9GB / 255MB,18.90,72,64
8,9.61,2.21,11.9GB / 255MB,19.90,72,64
8,7.22,2.21,11.9GB / 255MB,19.90,72,64
8,7.25,2.21,11.9GB / 256MB,19.90,72,64
8,5.52,2.21,11.9GB / 256MB,19.90,72,64
8,8.02,2.21,11.9GB / 257MB,19.90,72,64
8,7.73,2.22,11.9GB / 257MB,19.90,72,64
8,7.56,2.22,11.9GB / 258MB,19.90,72,64
9,6.94,2.22,11.9GB / 258MB,19.90,72,64
9,8.72,2.22,11.9GB / 259MB,19.90,72,64
9,7.13,2.22,11.9GB / 259MB,19.90,72,64
9,6.35,2.23,11.9GB / 260MB,19.90,72,64
9,4.57,2.23,11.9GB / 260MB,19.90,72,64
9,5.95,2.23,11.9GB / 261MB,19.90,72,64
9,6.26,2.23,11.9GB / 261MB,19.90,72,64
9,4.63,2.23,11.9GB / 262MB,19.90,72,64
9,7.09,2.24,11.9GB / 262MB,19.90,73,64
9,4.75,2.24,11.9GB / 263MB,19.90,72,64
9,5.86,2.24,11.9GB / 263MB,20.90,72,64
9,4.94,2.24,11.9GB / 263MB,20.90,72,64
9,7.51,2.24,11.9GB / 264MB,20.90,72,64
9,7.56,2.24,11.9GB / 264MB,20.90,72,64
9,8.62,2.24,11.9GB / 265MB,20.90,72,64
9,7.71,2.24,11.9GB / 265MB,20.90,72,64
9,7.67,2.24,11.9GB / 266MB,20.90,72,64
9,7.22,2.24,11.9GB / 266MB,20.90,72,64
9,9.03,2.25,11.9GB / 267MB,20.90,72,64
9,6.76,2.25,11.9GB / 267MB,20.90,72,64
9,9.01,2.25,11.9GB / 268MB,20.90,72,64
9,8.61,2.25,11.9GB / 268MB,20.90,72,64
9,9.30,2.25,11.9GB / 269MB,20.90,72,64
9,9.41,2.25,11.9GB / 269MB,20.90,72,64
9,8.45,2.25,11.9GB / 270MB,20.90,72,64
9,6.94,2.25,11.9GB / 270MB,20.90,72,64
9,8.02,2.26,11.9GB / 271MB,20.90,72,64
9,7.97,2.26,11.9GB / 271MB,20.90,72,64
9,6.73,2.26,11.9GB / 272MB,21.90,72,64
10,4.38,2.26,11.9GB / 272MB,21.90,72,64
10,5.06,2.26,11.9GB / 273MB,21.90,72,64
10,8.27,2.26,11.9GB / 273MB,21.90,72,64
10,8.05,2.26,11.9GB / 274MB,21.90,72,64
10,7.44,2.26,11.9GB / 274MB,21.90,72,64
10,7.60,2.26,11.9GB / 275MB,21.90,72,64
10,7.77,2.27,11.9GB / 275MB,21.90,72,64
10,7.29,2.27,11.9GB / 276MB,21.90,72,64
10,6.97,2.27,11.9GB / 276MB,21.90,72,64
10,6.89,2.01,11.9GB / 277MB,21.90,64,64
10,4.62,1.90,11.9GB / 277MB,21.90,61,64
10,4.04,1.85,11.9GB / 278MB,21.90,59,64
10,5.72,1.72,11.9GB / 278MB,21.90,55,64
10,7.52,1.53,11.9GB / 278MB,21.90,49,64
10,7.96,1.40,11.9GB / 279MB,21.90,45,64
10,6.05,1.23,11.9GB / 279MB,21.90,40,64
10,4.98,1.11,11.9GB / 280MB,21.90,36,64
10,3.52,1.01,11.9GB / 280MB,21.90,33,64
10,3.42,0.73,11.9GB / 280MB,21.90,25,64
10,2.14,0.58,11.9GB / 280MB,21.90,20,64
10,1.64,0.52,11.9GB / 280MB,22.90,18,64
10,1.17,0.49,11.9GB / 280MB,22.90,17,64
10,1.01,0.46,11.9GB / 280MB,22.90,16,64
10,1.35,0.39,11.9GB / 281MB,22.90,14,64
10,1.14,0.36,11.9GB / 281MB,22.90,13,64
10,0.71,0.36,11.9GB / 281MB,22.90,13,64
10,0.54,0.23,11.9GB / 281MB,22.90,9,64
10,0.46,0.20,11.9GB / 281MB,22.90,8,64
10,0.07,0.20,11.9GB / 281MB,22.90,8,64
10,0.15,0.20,11.9GB / 281MB,22.90,8,64
0,1.74,0.00,11.9GB / 281MB,0.00,23,100
0,2.51,0.04,11.9GB / 281MB,0.00,27,100
0,2.40,0.07,11.9GB / 281MB,1.00,31,100
0,2.66,0.11,11.9GB / 281MB,1.00,35,100
0,2.41,0.15,11.9GB / 281MB,1.00,39,100
0,3.23,0.20,11.9GB / 281MB,1.00,43,100
0,2.91,0.23,11.9GB / 282MB,1.00,47,100
0,3.83,0.28,11.9GB / 282MB,1.00,51,100
0,3.42,0.32,11.9GB / 282MB,1.00,55,100
0,4.47,0.36,11.9GB / 282MB,1.00,59,100
0,4.30,0.41,11.9GB / 282MB,1.00,63,100
0,4.14,0.45,11.9GB / 282MB,1.00,67,100
0,3.21,0.49,11.9GB / 283MB,2.00,71,100
0,5.07,0.55,11.9GB / 283MB,2.00,75,100
0,3.70,0.59,11.9GB / 283MB,2.00,79,100
0,4.49,0.64,11.9GB / 283MB,2.00,83,100
1,6.46,0.69,11.9GB / 284MB,2.00,87,100
1,5.55,0.73,11.9GB / 284MB,2.00,91,100
1,5.79,0.79,11.9GB / 284MB,2.00,95,100
1,4.81,0.84,11.9GB / 284MB,2.00,99,100
1,5.23,0.88,11.9GB / 285MB,3.00,103,100
1,3.84,0.91,11.9GB / 285MB,3.00,103,100
1,5.71,0.93,11.9GB / 285MB,3.00,103,100
1,5.65,0.95,11.9GB / 285MB,3.00,103,100
1,5.84,0.97,11.9GB / 286MB,3.00,103,100
1,6.08,1.00,11.9GB / 286MB,3.00,103,100
1,5.75,1.01,11.9GB / 286MB,3.00,103,100
1,6.08,1.03,11.9GB / 286MB,3.00,103,100
1,6.65,1.05,11.9GB / 287MB,3.00,103,100
1,7.90,1.08,11.9GB / 287MB,4.00,104,100
1,7.13,1.08,11.9GB / 287MB,4.00,103,100
1,7.20,1.09,11.9GB / 287MB,4.00,103,100
1,8.09,1.11,11.9GB / 288MB,4.00,103,100
1,5.91,1.13,11.9GB / 288MB,4.00,103,100
1,5.67,1.14,11.9GB / 288MB,4.00,103,100
1,5.51,1.16,11.9GB / 288MB,4.00,103,100
1,4.46,1.17,11.9GB / 289MB,4.00,103,100
1,7.28,1.18,11.9GB / 289MB,4.00,103,100
1,6.06,1.19,11.9GB / 289MB,5.00,103,100
1,5.16,1.21,11.9GB / 290MB,5.00,103,100
1,6.04,1.22,11.9GB / 290MB,5.00,103,100
1,5.11,1.23,11.9GB / 290MB,5.00,103,100
1,4.61,1.25,11.9GB / 290MB,5.00,103,100
1,5.57,1.26,11.9GB / 291MB,5.00,103,100
1,8.10,1.27,11.9GB / 291MB,5.00,103,100
2,4.68,1.28,11.9GB / 291MB,5.00,103,100
2,6.72,1.29,11.9GB / 292MB,5.00,103,100
2,5.20,1.30,11.9GB / 292MB,6.00,103,100
2,8.37,1.32,11.9GB / 292MB,6.00,103,100
2,5.78,1.33,11.9GB / 293MB,6.00,103,100
2,6.86,1.34,11.9GB / 293MB,6.00,103,100
2,6.37,1.35,11.9GB / 294MB,6.00,103,100
2,5.41,1.37,11.9GB / 294MB,6.00,103,100
2,6.11,1.38,11.9GB / 294MB,6.00,103,100
2,7.13,1.39,11.9GB / 295MB,6.00,103,100
2,10.25,1.40,11.9GB / 295MB,7.00,103,100
2,9.85,1.42,11.9GB / 296MB,7.00,103,100
2,5.58,1.43,11.9GB / 296MB,7.00,103,100
2,5.82,1.44,11.9GB / 297MB,7.00,103,100
2,9.54,1.45,11.9GB / 297MB,7.00,103,100
2,6.22,1.46,11.9GB / 297MB,7.00,103,100
2,1.95,1.46,11.9GB / 298MB,7.00,103,100
2,6.15,1.48,11.9GB / 298MB,7.00,103,100
2,6.59,1.49,11.9GB / 298MB,7.00,103,100
2,6.16,1.50,11.9GB / 299MB,7.00,103,100
2,6.65,1.51,11.9GB / 299MB,7.00,103,100
2,6.18,1.52,11.9GB / 299MB,8.00,103,100
2,6.96,1.53,11.9GB / 300MB,8.00,103,100
2,6.40,1.54,11.9GB / 300MB,8.00,103,100
2,4.18,1.55,11.9GB / 300MB,8.00,103,100
2,6.89,1.56,11.9GB / 301MB,8.00,103,100
2,7.15,1.57,11.9GB / 301MB,8.00,103,100
2,7.34,1.59,11.9GB / 302MB,8.00,103,100
2,4.90,1.60,11.9GB / 302MB,8.00,103,100
2,4.95,1.61,11.9GB / 302MB,8.00,103,100
3,7.57,1.61,11.9GB / 303MB,8.00,103,100
3,4.46,1.62,11.9GB / 303MB,8.00,103,100
3,6.33,1.63,11.9GB / 304MB,8.00,103,100
3,10.12,1.65,11.9GB / 304MB,8.00,103,100
3,7.36,1.66,11.9GB / 305MB,9.00,103,100
3,4.27,1.67,11.9GB / 305MB,9.00,103,100
3,6.06,1.68,11.9GB / 305MB,9.00,103,100
3,5.62,1.68,11.9GB / 306MB,9.00,103,100
3,5.36,1.69,11.9GB / 306MB,9.00,103,100
3,4.46,1.70,11.9GB / 306MB,9.00,103,100
3,8.00,1.70,11.9GB / 306MB,9.00,103,100
3,6.14,1.71,11.9GB / 307MB,9.00,103,100
3,4.58,1.71,11.9GB / 307MB,9.00,103,100
3,5.66,1.72,11.9GB / 307MB,9.00,103,100
3,7.97,1.77,11.9GB / 308MB,9.00,104,100
3,7.06,1.75,11.9GB / 308MB,9.00,104,100
3,3.20,1.78,11.9GB / 308MB,9.00,104,100
3,4.76,1.79,11.9GB / 309MB,9.00,104,100
3,3.42,1.76,11.9GB / 309MB,9.00,103,100
3,1.47,1.76,11.9GB / 309MB,9.00,103,100
3,6.03,1.76,11.9GB / 309MB,9.00,103,100
3,4.13,1.77,11.9GB / 309MB,9.00,103,100
3,1.99,1.77,11.9GB / 310MB,9.00,103,100
3,2.25,1.77,11.9GB / 310MB,9.00,103,100
3,1.25,1.77,11.9GB / 310MB,9.00,103,100
3,3.70,1.78,11.9GB / 310MB,10.00,103,100
3,3.66,1.78,11.9GB / 310MB,10.00,103,100
3,3.75,1.78,11.9GB / 311MB,10.00,103,100
3,1.63,1.78,11.9GB / 311MB,10.00,103,100
3,2.98,1.79,11.9GB / 311MB,10.00,103,100
4,0.07,1.79,11.9GB / 311MB,10.00,103,100
4,4.87,1.79,12GB / 311MB,10.00,103,100
4,4.13,1.79,12GB / 311MB,10.00,103,100
4,2.36,1.79,12GB / 312MB,10.00,103,100
4,5.39,1.80,12GB / 312MB,10.00,103,100
4,5.33,1.80,12GB / 312MB,10.00,103,100
4,5.56,1.80,12GB / 312MB,10.00,103,100
4,3.46,1.81,12GB / 313MB,10.00,103,100
4,4.24,1.81,12GB / 313MB,10.00,103,100
4,3.07,1.82,12GB / 313MB,10.00,103,100
4,5.78,1.82,12GB / 313MB,10.00,103,100
4,4.85,1.83,12GB / 314MB,10.00,103,100
4,6.02,1.83,12GB / 314MB,10.00,103,100
4,7.69,1.84,12GB / 315MB,10.00,104,100
4,10.99,1.87,12GB / 315MB,10.00,104,100
4,5.24,1.88,12GB / 315MB,10.00,104,100
4,8.39,1.86,12GB / 315MB,10.00,103,100
4,7.11,1.87,12GB / 316MB,10.00,103,100
4,7.73,1.87,12GB / 316MB,10.00,103,100
4,7.23,1.88,12GB / 316MB,10.00,103,100
4,6.99,1.88,12GB / 317MB,10.00,103,100
4,7.66,1.89,12GB / 317MB,11.00,103,100
4,4.99,1.89,12GB / 317MB,11.00,103,100
4,2.92,1.90,12GB / 318MB,11.00,103,100
4,1.95,1.90,12GB / 318MB,11.00,103,100
4,5.44,1.91,12GB / 318MB,11.00,103,100
4,5.71,1.91,12GB / 319MB,11.00,103,100
4,2.83,1.91,12GB / 319MB,11.00,103,100
4,4.25,1.92,12GB / 319MB,11.00,103,100
4,4.58,1.92,12GB / 320MB,11.00,103,100
5,3.67,1.93,12GB / 320MB,11.00,103,100
5,4.97,1.94,12GB / 320MB,11.00,103,100
5,4.16,1.94,12GB / 320MB,11.00,103,100
5,4.18,1.95,12GB / 321MB,11.00,103,100
5,4.16,1.95,12GB / 321MB,11.00,103,100
5,4.38,1.96,12GB / 322MB,11.00,103,100
5,5.64,1.96,12GB / 322MB,11.00,103,100
5,4.46,1.97,12GB / 322MB,11.00,103,100
5,6.45,1.97,12GB / 323MB,11.00,103,100
5,6.45,1.98,12GB / 323MB,11.00,103,100
5,7.98,1.98,12GB / 324MB,11.00,103,100
5,8.68,1.99,12GB / 324MB,11.00,103,100
5,5.55,1.99,12GB / 324MB,11.00,103,100
5,3.53,2.00,12GB / 325MB,11.00,104,100
5,5.23,2.03,12GB / 325MB,11.00,103,100
5,6.05,2.03,12GB / 326MB,12.00,103,100
5,4.15,2.04,12GB / 326MB,12.00,103,100
5,3.74,2.04,12GB / 326MB,12.00,103,100
5,6.08,2.04,12GB / 327MB,12.00,103,100
5,5.07,2.05,12GB / 327MB,12.00,103,100
5,5.94,2.05,12GB / 328MB,12.00,103,100
5,7.35,2.05,12GB / 328MB,12.00,103,100
5,9.04,2.06,12GB / 329MB,12.00,103,100
5,4.81,2.06,12GB / 329MB,12.00,103,100
5,1.27,2.07,12GB / 329MB,12.00,103,100
5,5.36,2.07,12GB / 329MB,12.00,103,100
5,6.70,2.07,12GB / 330MB,12.00,103,100
5,5.20,2.08,12GB / 330MB,12.00,103,100
5,4.50,2.08,12GB / 331MB,12.00,103,100
6,5.96,2.08,12GB / 331MB,12.00,103,100
6,6.85,2.09,12GB / 331MB,12.00,103,100
6,8.14,2.09,12GB / 332MB,12.00,103,100
6,5.24,2.10,12GB / 332MB,12.00,103,100
6,5.58,2.10,12GB / 332MB,12.00,103,100
6,4.36,2.11,12GB / 333MB,12.00,103,100
6,8.02,2.11,12GB / 333MB,12.00,103,100
6,6.86,2.12,12GB / 334MB,12.00,103,100
6,4.67,2.12,12GB / 334MB,12.00,103,100
6,5.85,2.13,12GB / 335MB,12.00,103,100
6,4.54,2.14,12GB / 335MB,12.00,103,100
6,5.60,2.14,12GB / 335MB,12.00,103,100
6,5.60,2.15,12GB / 336MB,13.00,103,100
6,4.79,2.15,12GB / 336MB,13.00,103,100
6,3.16,2.15,12GB / 336MB,13.00,103,100
6,5.22,2.16,12GB / 336MB,13.00,103,100
6,4.94,2.16,12GB / 337MB,13.00,103,100
6,0.84,2.17,12GB / 337MB,13.00,103,100
6,8.44,2.17,12GB / 337MB,13.00,103,100
6,0.02,2.17,12GB / 337MB,13.00,103,100
6,8.41,2.18,12GB / 338MB,13.00,103,100
6,7.67,2.18,12GB / 338MB,13.00,103,100
6,8.57,2.19,12GB / 339MB,13.00,103,100
6,4.25,2.19,12GB / 339MB,13.00,103,100
6,3.77,2.20,12GB / 340MB,13.00,103,100
6,8.95,2.20,12GB / 340MB,13.00,103,100
6,9.38,2.21,12GB / 340MB,13.00,103,100
6,6.71,2.21,12GB / 341MB,13.00,103,100
6,4.44,2.22,12GB / 341MB,13.00,103,100
6,6.35,2.22,12GB / 342MB,13.00,103,100
6,6.76,2.23,12GB / 342MB,13.00,103,100
7,8.95,2.23,12GB / 343MB,13.00,103,100
7,7.74,2.24,12GB / 343MB,13.00,103,100
7,2.08,2.24,12GB / 343MB,13.00,103,100
7,8.03,2.25,12GB / 344MB,13.00,103,100
7,6.91,2.25,12GB / 344MB,13.00,103,100
7,9.41,2.25,12GB / 345MB,13.00,103,100
7,5.55,2.26,12GB / 345MB,13.00,103,100
7,5.50,2.27,12GB / 346MB,13.00,103,100
7,8.40,2.27,12GB / 346MB,13.00,103,100
7,8.81,2.28,12GB / 347MB,13.00,103,100
7,6.91,2.28,12GB / 347MB,13.00,103,100
7,4.47,2.28,12GB / 347MB,13.00,103,100
7,6.32,2.29,12GB / 348MB,13.00,103,100
7,7.87,2.29,12GB / 348MB,14.00,103,100
7,5.91,2.30,12GB / 349MB,14.00,103,100
7,6.95,2.30,12GB / 349MB,14.00,103,100
7,6.19,2.31,12GB / 349MB,14.00,103,100
7,6.28,2.31,12GB / 350MB,14.00,103,100
7,6.52,2.31,12GB / 350MB,14.00,103,100
7,3.12,2.32,12GB / 350MB,14.00,103,100
7,4.96,2.32,12GB / 351MB,14.00,103,100
7,1.48,2.32,12GB / 351MB,14.00,103,100
7,4.01,2.33,12GB / 351MB,14.00,103,100
7,4.87,2.33,12GB / 352MB,14.00,103,100
7,5.10,2.33,12GB / 352MB,14.00,103,100
7,5.13,2.34,12GB / 352MB,14.00,103,100
7,6.65,2.34,12GB / 353MB,14.00,103,100
7,5.40,2.34,12GB / 353MB,14.00,103,100
7,6.97,2.35,12GB / 353MB,14.00,103,100
8,4.77,2.35,12GB / 354MB,14.00,103,100
8,7.31,2.35,12GB / 354MB,14.00,103,100
8,3.93,2.36,12GB / 354MB,14.00,103,100
8,5.33,2.36,12GB / 355MB,14.00,103,100
8,7.34,2.36,12GB / 355MB,14.00,103,100
8,4.16,2.37,12GB / 356MB,14.00,103,100
8,6.91,2.37,12GB / 356MB,14.00,103,100
8,6.57,2.37,12GB / 356MB,14.00,103,100
8,6.00,2.38,12GB / 357MB,14.00,103,100
8,4.95,2.38,12GB / 357MB,14.00,103,100
8,5.00,2.38,12GB / 357MB,14.00,103,100
8,4.26,2.38,12GB / 358MB,14.00,103,100
8,5.17,2.39,12GB / 358MB,14.00,103,100
8,10.14,2.39,12GB / 358MB,14.00,103,100
8,6.61,2.39,12GB / 359MB,14.00,103,100
8,4.91,2.40,12GB / 359MB,14.00,103,100
8,9.78,2.40,12GB / 360MB,14.00,103,100
8,9.04,2.41,12GB / 360MB,14.00,103,100
8,7.38,2.41,12GB / 361MB,14.00,103,100
8,4.16,2.41,12GB / 361MB,15.00,103,100
8,6.71,2.42,12GB / 362MB,15.00,103,100
8,6.99,2.42,12GB / 362MB,15.00,103,100
8,6.05,2.42,12GB / 363MB,15.00,103,100
8,3.72,2.43,12GB / 363MB,15.00,103,100
8,9.06,2.43,12GB / 364MB,15.00,103,100
8,6.36,2.43,12GB / 364MB,15.00,103,100
8,5.17,2.44,12GB / 365MB,15.00,103,100
8,8.67,2.44,12GB / 365MB,15.00,103,100
8,8.60,2.44,12GB / 366MB,15.00,103,100
8,4.42,2.45,12GB / 366MB,15.00,103,100
9,10.26,2.45,12GB / 367MB,15.00,103,100
9,8.67,2.45,12GB / 367MB,15.00,103,100
9,8.47,2.46,12GB / 368MB,15.00,103,100
9,6.14,2.46,12GB / 368MB,15.00,103,100
9,6.27,2.46,12GB / 368MB,15.00,103,100
9,8.36,2.47,12GB / 369MB,15.00,103,100
9,4.17,2.47,12GB / 369MB,15.00,103,100
9,8.00,2.47,12GB / 370MB,15.00,103,100
9,8.83,2.48,12GB / 370MB,15.00,103,100
9,5.29,2.48,12GB / 371MB,15.00,103,100
9,9.95,2.48,12GB / 371MB,15.00,103,100
9,5.61,2.49,12GB / 372MB,15.00,103,100
9,5.54,2.49,12GB / 372MB,15.00,103,100
9,8.26,2.49,12GB / 373MB,15.00,103,100
9,6.85,2.50,12GB / 373MB,15.00,103,100
9,7.11,2.50,12GB / 373MB,15.00,103,100
9,12.48,2.51,12GB / 374MB,15.00,103,100
9,8.72,2.51,12GB / 375MB,15.00,103,100
9,12.22,2.52,12GB / 375MB,15.00,103,100
9,3.56,2.52,12GB / 376MB,15.00,103,100
9,7.78,2.52,12GB / 376MB,16.00,103,100
9,3.80,2.52,12GB / 376MB,16.00,103,100
9,3.49,2.52,12GB / 377MB,16.00,103,100
9,4.39,2.53,12GB / 377MB,16.00,103,100
9,8.09,2.53,12GB / 377MB,16.00,103,100
9,16.75,2.53,12GB / 378MB,16.00,103,100
9,15.35,2.54,12GB / 379MB,16.00,103,100
9,12.69,2.54,12GB / 380MB,16.00,103,100
9,8.79,2.55,12GB / 380MB,16.00,103,100
9,4.88,2.55,12GB / 380MB,16.00,103,100
10,5.82,2.55,12GB / 381MB,16.00,103,100
10,4.88,2.56,12GB / 381MB,16.00,103,100
10,9.27,2.56,12GB / 382MB,16.00,103,100
10,11.27,2.57,12GB / 383MB,16.00,103,100
10,13.46,2.57,12GB / 384MB,16.00,103,100
10,12.52,2.58,12GB / 384MB,16.00,103,100
10,18.15,2.58,12GB / 385MB,16.00,103,100
10,16.05,2.59,12GB / 386MB,16.00,103,100
10,6.61,2.59,12GB / 387MB,16.00,103,100
10,11.12,2.60,12GB / 388MB,17.00,103,100
10,10.72,2.59,12GB / 388MB,17.00,103,100
10,10.18,2.56,12GB / 389MB,17.00,103,100
10,11.52,2.23,12GB / 390MB,17.00,88,100
10,7.97,2.11,12GB / 390MB,17.00,84,100
10,4.33,2.05,12GB / 391MB,17.00,80,100
10,2.49,2.05,12GB / 391MB,17.00,80,100
10,3.20,1.99,12GB / 391MB,17.00,77,100
10,3.39,1.97,12GB / 391MB,17.00,76,100
10,3.80,1.93,12GB / 391MB,17.00,74,100
10,3.86,1.91,12GB / 392MB,17.00,73,100
10,3.88,1.92,12GB / 392MB,17.00,73,100
10,3.70,1.88,12GB / 392MB,18.00,71,100
10,4.54,1.81,12GB / 392MB,18.00,68,100
10,3.98,1.82,12GB / 393MB,18.00,68,100
10,3.38,1.80,12GB / 393MB,18.00,67,100
10,4.07,1.80,12GB / 393MB,18.00,67,100
10,2.94,1.80,12GB / 393MB,18.00,67,100
10,4.09,1.79,12GB / 394MB,18.00,66,100
10,3.69,1.77,12GB / 394MB,18.00,65,100
10,3.30,1.75,12GB / 394MB,18.00,64,100
11,3.58,1.75,12GB / 394MB,18.00,64,100
11,4.33,1.73,12GB / 394MB,19.00,63,100
11,3.28,1.71,12GB / 395MB,19.00,62,100
11,3.64,1.67,12GB / 395MB,19.00,60,100
11,3.07,1.67,12GB / 395MB,19.00,60,100
11,4.25,1.59,12GB / 395MB,19.00,56,100
11,3.79,1.55,12GB / 396MB,19.00,54,100
11,2.81,1.51,12GB / 396MB,19.00,52,100
11,2.99,1.47,12GB / 396MB,19.00,50,100
11,3.01,1.32,12GB / 396MB,19.00,43,100
11,3.39,1.31,12GB / 396MB,19.00,42,100
11,1.94,1.29,12GB / 397MB,19.00,41,100
11,3.09,1.22,12GB / 397MB,20.00,38,100
11,1.89,1.20,12GB / 397MB,20.00,37,100
11,1.77,1.17,12GB / 397MB,20.00,35,100
11,3.33,1.04,12GB / 397MB,20.00,28,100
11,3.06,0.88,12GB / 397MB,20.00,21,100
11,1.23,0.81,12GB / 397MB,20.00,18,100
11,0.35,0.77,12GB / 397MB,20.00,16,100
11,0.56,0.64,12GB / 397MB,20.00,10,100
11,0.44,0.60,12GB / 397MB,20.00,8,100
11,0.12,0.60,12GB / 397MB,20.00,8,100
11,0.04,0.60,12GB / 397MB,20.00,8,100
11,0.04,0.60,12GB / 397MB,20.00,8,100
11,0.04,0.60,12GB / 397MB,20.00,8,100
